thermal_conductivity,temperature,pressure,state,refno,rho,s_total,s_res,s_res*,s_res**,E_res,H_res,G_res,A_res,V,c_p,c_v,s_res_vle_gas,s_res_vle_liq,s_vap,dE_vap,dH_vap,rho_vap_liq,V_vap_liq,rho_vap_gas,V_vap_gas,dV_vap,dpressure,eta_CE,eta_CE_ig,eta_CE_m,omega22,M,m,sigma,epsilon,R,dp_drho_npt,dp_drho_nvt,dp_drho_tot,speed_of_sound,success
0.1256,302.53,100000.0,Liquid,190310,6038.602823703702,-101.5150226879977,-63.40506663120379,-7.625876685375843 m^-2 kg^-1 s^2 mol K,-1.9975578073595566 m^-2 kg^-1 s^2 mol K,-38691.91942136529,-41190.73367514749,-22008.798867209403,-19509.98461342721,0.00016560122087755765,316.93765370909045,277.8082270612831,-0.014107994424611282,-63.387743863760726,-63.37363586933611,-38676.310408720696,-41185.6087013537,6037.591552235156,0.00016562895839315156,0.955334881331594,1.0467533631831274,-1.0465877342247343,-1.105431692849379e-07,2.3613083191987085e-05,3.370279984682049e-05,6.185321456409023e-06,1.4272934869537608,0.114231,3.8176,3.8373000000000003e-10,242.78,8.31446261815324,96575.94524564724,94060.67989436079,96576.05427023068,982.1031576305859,1
0.1226,312.78,100000.0,Liquid,190310,5966.906838579054,-90.88272548156549,-61.07530701611952,-7.345671009786223 m^-2 kg^-1 s^2 mol K,-1.9241594220940441 m^-2 kg^-1 s^2 mol K,-37944.90371235621,-40528.742228117844,-21425.607699615994,-18841.769183854354,0.00016759101944318906,321.31217349146516,281.93260345470117,-0.02217240899461936,-61.05788997942675,-61.035717570432126,-37922.916689272024,-40513.684804413584,5965.856250693789,0.0001676205322385545,1.5779265725955278,0.6337430507650951,-0.6335754302328566,1.6910507838474587e-07,2.4387455063190257e-05,3.426898529674335e-05,6.3881640463092665e-06,1.405189069870107,0.114231,3.8176,3.8373000000000003e-10,242.78,8.31446261815324,91354.14731293298,88753.65769636339,91354.25531406936,954.6921258390765,1
0.1198,323.07,100000.0,Liquid,190310,5894.645819904622,-80.40943936697118,-58.849598054824966,-7.077979751371627 m^-2 kg^-1 s^2 mol K,-1.8540391217968428 m^-2 kg^-1 s^2 mol K,-37205.383701452134,-39874.57259183045,-20862.032948258155,-18192.844057879836,0.0001696454766838189,325.8576604782626,286.09626339492735,-0.033615503758919314,-58.83220173705152,-58.7985862332926,-37174.222295376254,-39845.05826747546,5893.562663644936,0.00016967665520358435,2.509189861115659,0.3985350074527126,-0.398365330797509,5.142737791175023e-08,2.5155815795365813e-05,3.482812330525986e-05,6.589432050336812e-06,1.3844958791467965,0.114231,3.8176,3.8373000000000003e-10,242.78,8.31446261815324,86194.09417397191,83508.0478764457,86194.20131449246,927.053739916731,1
0.1164,333.35,100000.0,Liquid,190310,5821.942404287293,-70.12949085948972,-56.72769514544282,-6.822773491288225 m^-2 kg^-1 s^2 mol K,-1.7871892003583991 m^-2 kg^-1 s^2 mol K,-36475.37941603505,-39229.829131774044,-20319.651955040677,-17565.202239301685,0.0001717639802248125,330.55653335976297,290.2820985367913,-0.04926565890283058,-56.71051644336865,-56.661250784465814,-36431.46596916078,-39180.05323424658,5820.839493410009,0.00017179652542079842,3.849167269989696,0.25979645202653845,-0.25962465550111763,-3.393633960513398e-07,2.591451562387501e-05,3.537789488760258e-05,6.788169432071199e-06,1.365176775868771,0.114231,3.8176,3.8373000000000003e-10,242.78,8.31446261815324,81129.90110542782,78358.38143771542,81130.0075514768,899.3143316281415,1
0.1144,343.46,100000.0,Liquid,190310,5749.7194848363,-60.18258981982422,-54.72971690313117,-6.582471942761276 m^-2 kg^-1 s^2 mol K,-1.7242434887786242 m^-2 kg^-1 s^2 mol K,-35764.41488136272,-38602.7080593654,-19805.239491815977,-16966.946313813296,0.00017392152828277866,335.33560459365134,294.42623728512586,-0.06969480607373188,-54.713051268794786,-54.64335646272105,-35703.56989387961,-38525.86689257796,5748.6177475539025,0.0001739548607881452,5.685188489329677,0.17589566324438732,-0.17572170838359918,-3.8253529055509716e-07,2.6652262753165805e-05,3.591036672921081e-05,6.98141836577059e-06,1.3473665280050307,0.114231,3.8176,3.8373000000000003e-10,242.78,8.31446261815324,76244.78253333071,73389.20312697851,76244.88845780941,871.8965449971943,1
0.1108,353.46,100000.0,Liquid,190310,5677.358854332452,-50.48917792519703,-52.83103766878829,-6.354113319776139 m^-2 kg^-1 s^2 mol K,-1.6644261629757278 m^-2 kg^-1 s^2 mol K,-35066.387568703336,-37987.603701653265,-19313.94512724336,-16392.72899429343,0.0001761382406251966,340.2214156225042,298.55325577325647,-0.095778592017778,-52.81530883837124,-52.71953024635346,-34983.557936714176,-37875.45719031293,5676.289339832308,0.00017617142822207556,8.140221921702908,0.1228467736652078,-0.12267060223698573,-8.875940693542361e-08,2.737413903560652e-05,3.6429389573906574e-05,7.170510015613611e-06,1.3307958115695095,0.114231,3.8176,3.8373000000000003e-10,242.78,8.31446261815324,71511.05443590927,68572.330047032,71511.16000404443,844.6267659409311,1
0.1087,363.36,100000.0,Liquid,190310,5604.596721556104,-41.02264577425276,-51.019191052969596,-6.136198260315431 m^-2 kg^-1 s^2 mol K,-1.6073444730499347 m^-2 kg^-1 s^2 mol K,-34378.84323820245,-37382.14387816863,-18843.8106171616,-15840.50997719541,0.00017842496965996728,345.21960146642016,302.6668679091555,-0.1283467013957225,-51.004984704704555,-50.876638003308834,-34268.11841618976,-37225.03315899768,5603.604051417171,0.00017845657737846352,11.344265370308895,0.08815026512137832,-0.08797180854399986,2.000888343900442e-09,2.808148039031786e-05,3.693603864747119e-05,7.355794318503212e-06,1.3153166476296694,0.114231,3.8176,3.8373000000000003e-10,242.78,8.31446261815324,66924.95983663244,63903.9220752762,66925.06521220836,817.4622274483082,1
0.1063,373.38,100000.0,Liquid,190310,5529.577850311808,-31.561371418935718,-49.246470095581806,-5.9229889359368055 m^-2 kg^-1 s^2 mol K,-1.5514954253816025 m^-2 kg^-1 s^2 mol K,-33684.84005221235,-36771.20954139706,-18383.56253710873,-15297.193047924015,0.00018084563181321533,350.44920076448017,306.8585281258073,-0.1691935336778805,-49.23463643938189,-49.065442905704,-33538.59501518696,-36556.66135672525,5528.728309602836,0.00018087342043252553,15.539374276421759,0.06435265553242529,-0.06417178211199277,5.870242603123188e-08,2.8790340495163024e-05,3.744184863278963e-05,7.541476449906491e-06,1.3005003757798597,0.114231,3.8176,3.8373000000000003e-10,242.78,8.31446261815324,62388.145075443135,59283.79637217226,62388.25042453832,789.7740360903208,1
0.1046,383.22,100000.0,Liquid,190310,5454.315282065361,-22.376883817564277,-47.558410465113425,-5.71996202872782 m^-2 kg^-1 s^2 mol K,-1.4983136076927441 m^-2 kg^-1 s^2 mol K,-33003.428165856756,-36171.36242338416,-17946.02836494339,-14778.094107415984,0.00018334107001261108,355.7616317426305,311.00203417794893,-0.2180992869022448,-47.55000912567035,-47.331909838768105,-32814.063789377615,-35886.89109969781,5453.6961713695455,0.00018336188312978162,20.775712820701955,0.048133125858552984,-0.0479497639754232,6.146728992462158e-08,2.947987056140508e-05,3.793200863867028e-05,7.722095180585991e-06,1.2867087920097826,0.114231,3.8176,3.8373000000000003e-10,242.78,8.31446261815324,58037.99610190738,54851.83323366496,58038.10159819364,762.3642969539859,1
0.1019,393.17,100000.0,Liquid,190310,5376.337758769481,-13.187136680075131,-45.898004230614305,-5.520261060576985 m^-2 kg^-1 s^2 mol K,-1.4460030020371397 m^-2 kg^-1 s^2 mol K,-32312.687944426303,-35563.0851901158,-17517.366866765176,-14266.96962107567,0.00018600021889786863,361.3242059094981,315.2184143666901,-0.2775522679991685,-45.89455916781297,-45.6170068998138,-32070.262062016114,-35192.341267931784,5376.077159626858,0.00018600923504405356,27.404137828436326,0.0364908396775882,-0.03630483044254414,1.800362952053547e-07,3.017072936799061e-05,3.842129013365759e-05,7.903061967725956e-06,1.2734624232989322,0.114231,3.8176,3.8373000000000003e-10,242.78,8.31446261815324,53747.12090346933,50478.22946675679,53747.2267343361,734.3934236742115,1
0.1267,302.58,1000000.0,Liquid,190310,6047.5207409853865,-101.63427540547401,-63.55228940274621,-7.643583514825167 m^-2 kg^-1 s^2 mol K,-2.002196017085385 m^-2 kg^-1 s^2 mol K,-38740.04067095294,-41090.47375129605,-21860.822023813096,-19510.388943469992,0.00016535701865770855,316.836520814523,277.91891725149225,-0.014140536408761959,-63.376085689370285,-63.361945152961525,-38672.61316435033,-41182.312281697115,6037.241936984323,0.00016563854992690793,0.9577759810800164,1.0440854852847432,-1.0439198467348163,-8.367032933165319e-08,2.3616882315918646e-05,3.370558481090854e-05,6.186316616701238e-06,1.4271818083367311,0.114231,3.8176,3.8373000000000003e-10,242.78,8.31446261815324,97670.59162793623,95165.6700603086,97681.46015930941,987.353443946289,1
0.1228,312.81,1000000.0,Liquid,190310,5976.4883118516855,-91.02802055700259,-61.23113851783593,-7.364413231487501 m^-2 kg^-1 s^2 mol K,-1.9290688473091735 m^-2 kg^-1 s^2 mol K,-37997.672373545705,-40431.197086689936,-21277.48464692568,-18843.959933781443,0.00016732233844027575,321.1771204319335,282.037294267609,-0.022200496562097525,-61.05124199084511,-61.02904149428301,-37920.72392622744,-40511.72821320703,5965.645995655836,0.00016762643990746298,1.5801501155073998,0.6328512653235426,-0.6326836388836352,-3.545983418007381e-08,2.438970833170986e-05,3.4270628696111124e-05,6.388754278004468e-06,1.4051266308730208,0.114231,3.8176,3.8373000000000003e-10,242.78,8.31446261815324,92482.11136223785,89892.02879021935,92492.87584180388,960.2430717235779,1
0.1202999999999999,323.09,1000000.0,Liquid,190310,5904.876982069056,-80.57063042868494,-59.012120709243796,-7.097526733766376 m^-2 kg^-1 s^2 mol K,-1.8591593497921144 m^-2 kg^-1 s^2 mol K,-37262.38860498309,-39779.35679404758,-20713.130714097995,-18196.162525033513,0.00016935153823468855,325.68920527553286,286.19896775693365,-0.03364156141783528,-58.827978669716074,-58.79433710829824,-37172.77300172707,-39843.76259373459,5893.421735456173,0.00016968071264674157,2.511362719361979,0.39819019064440586,-0.39802050993175914,7.893595466157421e-08,2.51573004419203e-05,3.48292013250173e-05,6.589820945599408e-06,1.3844570249270642,0.114231,3.8176,3.8373000000000003e-10,242.78,8.31446261815324,87350.06774679772,84674.42431510518,87360.7440424043,932.8972727497935,1
0.1175,333.37,1000000.0,Liquid,190310,5832.8136580407245,-70.29708707300409,-56.895373259297855,-6.842940532930692 m^-2 kg^-1 s^2 mol K,-1.7924718495732115 m^-2 kg^-1 s^2 mol K,-36536.27171259563,-39136.62027072993,-20169.409687277803,-17569.061129143513,0.00017144384487947207,330.3551216604957,290.38695340666095,-0.04930082438513974,-56.706480905684444,-56.6571800812993,-36430.024338702744,-39178.76031665652,5820.697378352678,0.00017180071991356661,3.8522498444502666,0.25958856262675883,-0.25941676190684526,-3.478271537460387e-08,2.5915983181259105e-05,3.537895615546703e-05,6.788553850916572e-06,1.365140419640764,0.114231,3.8176,3.8373000000000003e-10,242.78,8.31446261815324,82308.82507882112,79547.63700242112,82319.42940543486,905.4430892404071,1
0.1149,343.44,1000000.0,Liquid,190310,5761.572155997441,-60.39635352296835,-54.91091092532106,-6.604264574529719 m^-2 kg^-1 s^2 mol K,-1.7299519526743814 m^-2 kg^-1 s^2 mol K,-35832.330304981486,-38514.28560858635,-19655.682360394083,-16973.72705678922,0.00017356373797368168,335.0781460332557,294.5169130340413,-0.0696488236380514,-54.7169216350138,-54.64727281137574,-35705.00901695701,-38527.163303045694,5748.761445515436,0.00017395051255433329,5.680962485091824,0.1760265100542794,-0.17585255954172507,-1.2904274626635015e-07,2.665081130913969e-05,3.590932116671392e-05,6.981038167733573e-06,1.3474006757309898,0.114231,3.8176,3.8373000000000003e-10,242.78,8.31446261815324,77465.45356305287,74620.48404704245,77476.003088621,878.4348286297434,1
0.1121,353.51,1000000.0,Liquid,190310,5689.475505920914,-50.643049379719216,-53.00546130753523,-6.375091661583355 m^-2 kg^-1 s^2 mol K,-1.6699213279503757 m^-2 kg^-1 s^2 mol K,-35134.10381128087,-37897.58636546308,-19159.62573863631,-16396.14318445409,0.0001757631259611403,339.9558159484526,298.675308505854,-0.09592536616267686,-52.80600108591986,-52.710075719757185,-34979.953398682555,-37872.191307939516,5675.925117504405,0.0001761827330871625,8.154338685945184,0.12263410173575445,-0.1224579190026673,-6.522896001115441e-08,2.7377729449124092e-05,3.643196611024388e-05,7.171450505323788e-06,1.3307153969048175,0.114231,3.8176,3.8373000000000003e-10,242.78,8.31446261815324,72721.4213064694,69792.68603607382,72731.93171621716,851.2990506222014,1
0.1095,363.45,1000000.0,Liquid,190310,5617.259554676383,-41.14784819735405,-51.193956106772774,-6.157217664915508 m^-2 kg^-1 s^2 mol K,-1.6128503942046069 m^-2 kg^-1 s^2 mol K,-34448.95219196702,-37292.820879357605,-18686.377532351045,-15842.508844960461,0.00017802275117721725,344.9268086448772,302.80844073525753,-0.12867668028652726,-50.98881679820095,-50.860140117914426,-34261.59425446402,-37219.080190103545,5602.937705951555,0.00017847780083968801,11.37741541638945,0.08789342424462018,-0.0877149464437805,4.642060957849026e-09,2.8087878475590906e-05,3.694061267551467e-05,7.357470262885296e-06,1.3151798811582376,0.114231,3.8176,3.8373000000000003e-10,242.78,8.31446261815324,68140.30082700853,65128.896892899764,68150.78833146756,824.3714434878792,1
0.107,373.34,1000000.0,Liquid,190310,5544.154799132713,-31.81945275451275,-49.4525367132518,-5.947773053339665 m^-2 kg^-1 s^2 mol K,-1.557987493016467 m^-2 kg^-1 s^2 mol K,-33769.68918873169,-36693.44051849886,-18230.830461973426,-15307.07913220626,0.0001803701440941787,350.0327794415818,306.94882914530587,-0.1690132573534022,-49.24158916966411,-49.07257591231071,-33541.5218991837,-36559.35441780285,5529.030128984741,0.00018086354689183495,15.520478603958198,0.06443100277493823,-0.06425013922804639,-2.255546860396862e-10,2.878752438440763e-05,3.743984301644875e-05,7.540738784683474e-06,1.3005579262914155,0.114231,3.8176,3.8373000000000003e-10,242.78,8.31446261815324,63685.81857297538,60592.17780650727,63696.2992803686,797.418815343379,1
0.1049,383.23,1000000.0,Liquid,190310,5469.572883263701,-22.599304931633586,-47.76507996712168,-5.744818656449859 m^-2 kg^-1 s^2 mol K,-1.5048246690197662 m^-2 kg^-1 s^2 mol K,-33091.249627391626,-36094.77150407923,-17789.759908279186,-14786.23803159158,0.00018282963246726107,355.3059644965142,311.11681448969335,-0.2181537948428777,-47.54832214210124,-47.330168347258365,-32813.32240304185,-35886.202438010136,5453.619085324915,0.00018336447492104633,20.78166460138922,0.048119340735253306,-0.04793597626033226,-8.078495739027858e-08,2.9480568071877975e-05,3.7932503547093456e-05,7.722277889741717e-06,1.2866951360845018,0.114231,3.8176,3.8373000000000003e-10,242.78,8.31446261815324,59337.32771407987,56161.46678464041,59347.81829379527,770.2822620434684,1
0.1025,393.22,1000000.0,Liquid,190310,5392.486622073952,-13.385742695139443,-46.10877190902573,-5.545610585626415 m^-2 kg^-1 s^2 mol K,-1.4526431751955193 m^-2 kg^-1 s^2 mol K,-32405.060599665998,-35489.030385768856,-17358.139095701754,-14274.169309598905,0.0001854432046074135,360.8124344667771,315.3542402622296,-0.27787843209883845,-45.88635204546405,-45.60847361336521,-32066.49071157383,-35188.80048168737,5375.682256415702,0.0001860228994759749,27.4412164400798,0.036441533201838336,-0.03625551030236236,-1.1619704309850931e-07,3.017418520842394e-05,3.842373310162873e-05,7.903967206733011e-06,1.273397536212567,0.114231,3.8176,3.8373000000000003e-10,242.78,8.31446261815324,55054.618834260036,51795.72430121569,55065.13729192591,742.6561543242219,1
0.1003,403.15,1000000.0,Liquid,190310,5313.845802009336,-4.317334541545768,-44.504183143271774,-5.352622915894086 m^-2 kg^-1 s^2 mol K,-1.4020910823276629 m^-2 kg^-1 s^2 mol K,-31720.272809287322,-34884.06079276591,-16942.199358555892,-13778.411375077303,0.00018818762102992674,366.47847832821543,319.5924102821563,-0.34850701529601097,-44.27661634843202,-43.928109333136014,-31309.72614297867,-34474.1815948571,5296.202912909855,0.00018881451795633284,35.63567852746483,0.028061763977057105,-0.027872949459100772,4.1996827349066734e-08,3.085744581485398e-05,3.890586626285982e-05,8.082943685785304e-06,1.2608258796368539,0.114231,3.8176,3.8373000000000003e-10,242.78,8.31446261815324,50908.61669036567,47567.20637179223,50919.1819763007,714.9484498813905,1
0.098,412.95,1000000.0,Liquid,190310,5233.964002200216,4.553591979505107,-42.955553476623926,-5.1663655787973175 m^-2 kg^-1 s^2 mol K,-1.3533019642700432 m^-2 kg^-1 s^2 mol K,-31039.858827124594,-34282.25638735223,-16543.76057918038,-13301.363018952748,0.00019105977793879117,372.27586339317617,323.79950682632256,-0.43049144597973077,-42.723730452765345,-42.29323900678561,-30545.445219931444,-33743.802007521816,5215.528236649946,0.0001917351329771197,45.520657300579664,0.02196804833895195,-0.02177631320597483,-9.415089152753353e-08,3.152587616151607e-05,3.9375899939462417e-05,8.258035457228643e-06,1.2490025570654542,0.114231,3.8176,3.8373000000000003e-10,242.78,8.31446261815324,46926.623034083794,43503.79749796144,46937.25483612782,687.3235141701523,1
0.0958,424.43,1000000.0,Liquid,190310,5137.067116099854,14.857493999422562,-41.177946906841846,-4.952568650310205 m^-2 kg^-1 s^2 mol K,-1.2972989968331425 m^-2 kg^-1 s^2 mol K,-30234.170130711358,-33568.413895502475,-16091.257889831595,-12757.014125040476,0.0001946636042316723,379.35734571527246,328.75680727096943,-0.5438908548804458,-40.94280551000807,-40.398914655127626,-29623.339012418568,-32850.47284001052,5117.799810475151,0.00019539646665217198,59.76308560817713,0.016732737103908407,-0.016537340637256235,-1.8480932340025902e-08,3.230162428073685e-05,3.991947254268965e-05,8.461238547971723e-06,1.235834835912438,0.114231,3.8176,3.8373000000000003e-10,242.78,8.31446261815324,42401.822683628096,38883.65345954647,42412.56082856925,654.5489497108742,1
0.0944,433.41,1000000.0,Liquid,190310,5058.39100498467,22.860091585304822,-39.809301039125145,-4.787958388580423 m^-2 kg^-1 s^2 mol K,-1.2541802149466739 m^-2 kg^-1 s^2 mol K,-29595.124976007464,-33001.00489832346,-15747.255734956225,-12341.37581264023,0.00019769132101780468,385.1448747552373,332.6548249020065,-0.6471462428446387,-39.57342998031627,-38.92628373747163,-28878.049700750595,-32118.521472080392,5038.601995894151,0.00019846774974782266,73.23474832623612,0.013654720236701534,-0.013456252486953712,1.896405592560768e-07,3.290305892030911e-05,4.033956598186561e-05,8.618781150541991e-06,1.2260126354685639,0.114231,3.8176,3.8373000000000003e-10,242.78,8.31446261815324,38968.10107656849,35375.37514633293,38978.94638966673,628.547649390425,1
0.0925,443.56,1000000.0,Liquid,190310,4965.935300167896,31.854050757528395,-38.279263401267016,-4.603937158571215 m^-2 kg^-1 s^2 mol K,-1.2059768332384784 m^-2 kg^-1 s^2 mol K,-28860.658883533964,-32347.249987538627,-15368.099913272625,-11881.508809267965,0.000201371934903419,391.9921139814918,337.08029921980307,-0.7810440514916973,-38.045426194665275,-37.26438214317358,-28005.74716491272,-31250.509259046397,4945.778028137491,0.0002021926569107643,91.33318808833725,0.010948922521272358,-0.010746729864361594,-7.700873538851738e-08,3.357723954125897e-05,4.0809187194770835e-05,8.795379175727935e-06,1.2153824362072827,0.114231,3.8176,3.8373000000000003e-10,242.78,8.31446261815324,35198.99226635319,31522.024634866237,35209.98767377429,598.7050574869954,1
0.0912,453.59,1000000.0,Liquid,190310,4870.310432996351,40.698049387235606,-36.778459436025955,-4.423431931214211 m^-2 kg^-1 s^2 mol K,-1.1586944497103446 m^-2 kg^-1 s^2 mol K,-28118.86730309207,-31684.898681296076,-15002.557265709065,-11436.525887505055,0.00020532572076412223,399.136598617203,341.47182653987966,-0.933362424859791,-36.550824486736936,-35.61746206187714,-27107.456487673575,-30344.032088379092,4850.143153460523,0.000206179481380155,112.69003313566215,0.008873899245340959,-0.008667719763960803,7.159542292356491e-09,3.423764838767559e-05,4.126800677955253e-05,8.968369757878141e-06,1.20533999041849,0.114231,3.8176,3.8373000000000003e-10,242.78,8.31446261815324,31591.11233640641,27830.933879635504,31602.290978603633,568.6573169474315,1
0.0895,463.7,1000000.0,Liquid,190310,4768.8823603659785,49.57990742834989,-35.269429220113196,-4.24193731331575 m^-2 kg^-1 s^2 mol K,-1.1111529005961207 m^-2 kg^-1 s^2 mol K,-27350.858411505596,-30996.581989405928,-14642.147660039434,-10996.424082139107,0.00020969273813733938,406.80577571171386,345.91445147568385,-1.1095867336076068,-35.05402591102947,-33.94443917742186,-26159.338328684596,-29373.797596046163,4749.248694326888,0.0002105596199235741,138.30757240565802,0.007230262107898085,-0.007019702487974511,-8.050119504332542e-08,3.489753210698727e-05,4.172538047166673e-05,9.141222785778308e-06,1.1956541896357298,0.114231,3.8176,3.8373000000000003e-10,242.78,8.31446261815324,28071.335297114463,24227.323986612686,28082.74030265034,537.696184346964,1
0.087,473.69,1000000.0,Liquid,190310,4662.745981836045,58.33662195545205,-33.77358747275213,-4.062028903589408 m^-2 kg^-1 s^2 mol K,-1.064026850269648 m^-2 kg^-1 s^2 mol K,-26566.80702248373,-30290.818922964732,-14292.608272996771,-10568.596372515769,0.00021446589711203418,414.9696324844624,350.31744628062773,-1.3091424224147097,-33.57864911076572,-32.26950668835101,-25173.322502823517,-28350.750545271203,4644.452387114254,0.00021531063657244894,168.36854185836438,0.005939351787231274,-0.005724041150658825,-3.864988684654236e-08,3.554390827306424e-05,4.2172453279602894e-05,9.310537582005511e-06,1.186488918315206,0.114231,3.8176,3.8373000000000003e-10,242.78,8.31446261815324,24707.584802851947,20780.785532697173,24719.26333029018,506.29431115778567,1
0.0859,483.55,1000000.0,Liquid,190310,4551.028580595831,66.97462645485022,-32.282774954632416,-3.882725371107974 m^-2 kg^-1 s^2 mol K,-1.0170592443178892 m^-2 kg^-1 s^2 mol K,-25762.000112139576,-29562.7279640216,-13952.392134709096,-10151.66428282707,0.00021973054712591536,423.7799481214412,354.6727194609814,-1.5345280358363105,-32.11975024483558,-30.58522220899927,-24144.00617148176,-27268.421003011117,4535.262731097741,0.00022049439234096018,203.52301443012885,0.004913449237178571,-0.004692954844837611,8.451752364635468e-08,3.6176377336235514e-05,4.260910886085177e-05,9.476209486650124e-06,1.1778158013122284,0.114231,3.8176,3.8373000000000003e-10,242.78,8.31446261815324,21497.238609305212,17488.78916762213,21509.24756663013,474.3259978666807,1
0.0843,493.45,1000000.0,Liquid,190310,4430.272747507344,75.66103456684357,-30.75904179605853,-3.699462395669601 m^-2 kg^-1 s^2 mol K,-0.9690544833585502 m^-2 kg^-1 s^2 mol K,-24914.372276860562,-28791.424118654104,-13613.374944389021,-9736.32310259548,0.00022571973713416213,433.6637653499831,359.0512400322141,-1.7938166316296469,-30.645162777552915,-28.85134614592327,-23044.398665593148,-26097.188618875058,4418.902853858047,0.0002263005169092871,245.37754552302712,0.0040753525261183945,-0.0038490520092091074,8.638016879558563e-08,3.6805957476199614e-05,4.3043079399085154e-05,9.641124653237535e-06,1.169459575312468,0.114231,3.8176,3.8373000000000003e-10,242.78,8.31446261815324,18380.575857890355,14290.22256712511,18392.994146052828,440.99389741754794,1
0.0825,503.51,1000000.0,Liquid,190310,4296.348785434412,84.52672838762065,-29.165639417874377,-3.507820139114713 m^-2 kg^-1 s^2 mol K,-0.9188548143112721 m^-2 kg^-1 s^2 mol K,-23999.833914995674,-27953.493210819383,-13268.302107525456,-9314.642811701748,0.00023275577704264251,445.26932487451995,363.50074385915246,-2.097268233880789,-29.128193053248538,-27.030924819367748,-21846.17597241933,-24804.900109183916,4292.478294375727,0.00023296565094115034,296.0709652287084,0.0033775686151038876,-0.0031446029641627373,-7.019843906164169e-08,3.744015839106782e-05,4.347962679432285e-05,9.807250207216004e-06,1.161309905267278,0.114231,3.8176,3.8373000000000003e-10,242.78,8.31446261815324,15318.090873402816,11144.616526862887,15331.031599729224,405.4641271128058,1
0.128,302.61,4000000.0,Liquid,190310,6077.456109853458,-102.1629415061115,-64.06404313603477,-7.70513334152969 m^-2 kg^-1 s^2 mol K,-2.018318666578397 m^-2 kg^-1 s^2 mol K,-38905.29126526837,-40763.16068096419,-21376.740587568707,-19518.87117187289,0.00016454252929588205,316.47996472996067,278.22812934452935,-0.014160090783222182,-63.369092212077256,-63.354932121294034,-38670.39493037628,-41180.334528081374,6037.032167206785,0.00016564430539761066,0.9592431451277614,1.042488554731147,-1.0423229104257494,1.1132851795991883e-07,2.3619161688951486e-05,3.3707255678913575e-05,6.1869136863347355e-06,1.4271148198575174,0.114231,3.8176,3.8373000000000003e-10,242.78,8.31446261815324,101221.82526264385,98877.95627696477,101393.99580984413,1004.8164184184224,1
0.125,312.88,4000000.0,Liquid,190310,6007.797923583881,-91.52984817567754,-61.74523169313101,-7.426244428391633 m^-2 kg^-1 s^2 mol K,-1.9452652002283195 m^-2 kg^-1 s^2 mol K,-38169.926030683986,-40105.55373933357,-20786.70564718674,-18851.077938537153,0.00016645033882954933,320.75855514353947,282.3686488193084,-0.022266144888374893,-61.0357337641867,-61.013467619298325,-37915.60773232737,-40507.1630301327,5965.155391317381,0.00016764022634775888,1.5853484826961501,0.6307761422266812,-0.6306085020003335,-4.888443072559312e-08,2.4394965658357514e-05,3.4274462988198985e-05,6.390131406736566e-06,1.4049809894467649,0.114231,3.8176,3.8373000000000003e-10,242.78,8.31446261815324,96087.7209077262,93656.69489294532,96258.1239569131,978.3800616435483,1
0.1221,323.14,4000000.0,Liquid,190310,5938.1358064248125,-81.1098049325978,-59.54397019462125,-7.161493523900984 m^-2 kg^-1 s^2 mol K,-1.8759151099908278 m^-2 kg^-1 s^2 mol K,-37446.96791634137,-39460.0912887734,-20219.052760083498,-18205.929387651457,0.00016840301949949378,325.1738847572203,286.52829507829006,-0.033706775314792166,-58.81742268499674,-58.78371590968195,-37169.14985391321,-39840.52345870797,5893.069406697991,0.00016969085734225566,2.516801624107278,0.3973296863850781,-0.39715999552773584,1.1235806596232578e-07,2.5161011910542426e-05,3.483189622844402e-05,6.590793145049881e-06,1.3843599117668834,0.114231,3.8176,3.8373000000000003e-10,242.78,8.31446261815324,91039.2731005161,88521.42410727416,91208.15955770419,951.916662299857,1
0.1192,333.4,4000000.0,Liquid,190310,5868.203215228018,-70.87525890852473,-57.44663984165006,-6.909242663046547 m^-2 kg^-1 s^2 mol K,-1.8098393396496613 m^-2 kg^-1 s^2 mol K,-36734.25333123492,-38824.65551570008,-19671.945792493952,-17581.543608028787,0.00017040991310679132,329.7315728761763,290.7143882095198,-0.04935360927872717,-56.70042824666467,-56.651074637385946,-36427.861911705586,-39176.820938913865,5820.484200653293,0.00017180701218770763,3.8568774725110897,0.25927709841114865,-0.25910529139896094,6.542359187733382e-08,2.5918184456138055e-05,3.538054799757576e-05,6.789130463154352e-06,1.3650858939387165,0.114231,3.8176,3.8373000000000003e-10,242.78,8.31446261815324,86080.61686510731,83476.18888222592,86248.2307191182,925.4013140179728,1
0.1164,343.44,4000000.0,Liquid,190310,5799.320853629023,-61.0247567497851,-55.48501709212671,-6.6733136752559865 m^-2 kg^-1 s^2 mol K,-1.748038997080885 m^-2 kg^-1 s^2 mol K,-36045.34267493602,-38211.12578002178,-19155.35150990178,-16989.56840481603,0.00017243398412319835,334.33062383522736,294.8385250897739,-0.0696488236380514,-54.7169216350138,-54.64727281137574,-35705.00901695701,-38527.163303045694,5748.761445515436,0.00017395051255433329,5.680962485091824,0.1760265100542794,-0.17585255954172507,-1.2904274626635015e-07,2.665081130913969e-05,3.590932116671392e-05,6.981038167733573e-06,1.3474006757309898,0.114231,3.8176,3.8373000000000003e-10,242.78,8.31446261815324,81322.3858352644,78633.46896133471,81488.98800291326,899.4011472233832,1
0.1142,353.38,4000000.0,Liquid,190310,5730.507206362901,-51.41952439542204,-53.62266240851895,-6.44932389153363 m^-2 kg^-1 s^2 mol K,-1.6893660654687839 m^-2 kg^-1 s^2 mol K,-35370.24383019853,-37610.39013795384,-18661.213696031413,-16421.06738827611,0.00017450462306192448,339.0207382208834,298.9500314091002,-0.09554410935953188,-52.83020485161644,-52.734660742256914,-34989.32505908369,-37880.68225837563,5676.872038540714,0.0001761533452244342,8.117675870401003,0.12318796857192098,-0.12301181522669655,1.028092810884118e-08,2.7368393987881656e-05,3.6425266736684916e-05,7.169005130941339e-06,1.330924523843581,0.114231,3.8176,3.8373000000000003e-10,242.78,8.31446261815324,76708.89385136514,73936.55699114253,76874.72179114552,873.6020009662773,1
0.1117,363.38,4000000.0,Liquid,190310,5660.478611099428,-41.89196552392744,-51.82120433520026,-6.232658286544859 m^-2 kg^-1 s^2 mol K,-1.6326116634914236 m^-2 kg^-1 s^2 mol K,-34696.69021957485,-37011.34561969227,-18180.55638836721,-15865.900988249783,0.00017666350651676982,343.8782760035085,303.11563865800196,-0.1284199747720814,-51.00139140258222,-50.87297142781014,-34266.6686403443,-37223.7103474926,5603.455983824923,0.00017846129297466155,11.351625380693672,0.08809311146761013,-0.08791465017463547,1.0523945093154907e-07,2.808290223650817e-05,3.6937055147097035e-05,7.35616676354468e-06,1.3152862491213013,0.114231,3.8176,3.8373000000000003e-10,242.78,8.31446261815324,72169.9063613283,69313.8762369687,72335.18566315321,847.5806035238171,1
0.1038,373.33,4000000.0,Liquid,190310,5589.822532687799,-32.53600406137959,-50.093350085969504,-6.024845186819295 m^-2 kg^-1 s^2 mol K,-1.5781761281483904 m^-2 kg^-1 s^2 mol K,-34030.73688832131,-36419.188993376905,-17717.838605781908,-15329.386500726312,0.00017889655604489505,348.85230100418465,307.28978554510974,-0.1689682107655145,-49.243327490042965,-49.07435927927745,-33542.25359943549,-36560.027648788244,5529.10557998975,0.00018086107880071513,15.515757539492645,0.06445060754878872,-0.064269746469988,-3.039167495444417e-07,2.8786820339854973e-05,3.7439341595575975e-05,7.540554363960335e-06,1.300572315857396,0.114231,3.8176,3.8373000000000003e-10,242.78,8.31446261815324,67759.27909499922,64820.20768624722,67924.24601548236,821.6127262178695,1
0.1059,383.27,4000000.0,Liquid,190310,5518.077123175431,-23.3026711464399,-48.42493522328282,-5.824181002095681 m^-2 kg^-1 s^2 mol K,-1.5256132130384747 m^-2 kg^-1 s^2 mol K,-33368.28992280694,-35830.08381580063,-17270.258892773025,-14808.464999779333,0.00018122254866647104,353.9646819390862,311.48880308988777,-0.2183719281022723,-47.54157469524338,-47.32320276714111,-32810.35674444066,-35883.447615879515,5453.310723410303,0.00018337484341523754,20.805485243801954,0.04806424787895319,-0.04788087303553795,-1.8852006178349257e-08,2.9483358049012956e-05,3.793448311621843e-05,7.72300870940197e-06,1.2866405194807313,0.114231,3.8176,3.8373000000000003e-10,242.78,8.31446261815324,63461.43634105476,60439.64647568649,63626.330563346084,795.5824510264157,1
0.1045,393.15,4000000.0,Liquid,190310,5445.423059110094,-14.227802848325384,-46.817671458166444,-5.630871603890295 m^-2 kg^-1 s^2 mol K,-1.4749768451095702 m^-2 kg^-1 s^2 mol K,-32711.26154997927,-35245.53068497838,-16839.163151200246,-14304.894016201135,0.00018364046083196753,359.1924266330401,315.69076793246563,-0.2774218820025115,-45.897842315705496,-45.62042043370298,-32071.770500323015,-35193.757431147045,5376.235106698423,0.00018600377032508642,27.389317509201796,0.03651058481701989,-0.0363245810466948,3.284949343651533e-07,3.016934698802748e-05,3.84203129029748e-05,7.90269986065263e-06,1.2734883827025378,0.114231,3.8176,3.8373000000000003e-10,242.78,8.31446261815324,59299.40829243295,56195.64583715009,59464.476815477035,769.6077928111544,1
0.1029,402.57,4000000.0,Liquid,190310,5374.720252127477,-5.662764157536012,-45.32748993923345,-5.451643963167078 m^-2 kg^-1 s^2 mol K,-1.428029118599926 m^-2 kg^-1 s^2 mol K,-32084.836532989146,-34687.764968658346,-16440.27734382114,-13837.348908151935,0.00018605619513018743,364.31769926376404,319.7226891679814,-0.34405018301161283,-44.36958284567377,-44.02553266266216,-31354.382795594596,-34516.58363509759,5300.905145932037,0.00018864702771891875,35.10931141711877,0.02848247258738362,-0.0282938255596647,-1.2126110959798098e-07,3.0817703825963555e-05,3.887786982937303e-05,8.072533483330772e-06,1.261543366401584,0.114231,3.8176,3.8373000000000003e-10,242.78,8.31446261815324,55435.12407907311,52253.44596610285,55600.599182292804,744.7339515819616,1
0.101,412.74,4000000.0,Liquid,190310,5296.599545431157,3.4969383550393687,-43.75958609259171,-5.263068475050927 m^-2 kg^-1 s^2 mol K,-1.3786327732216384 m^-2 kg^-1 s^2 mol K,-31407.052669317673,-34083.56245553401,-16022.230891677707,-13345.72110546137,0.00018880037870006602,370.01300896949675,324.1027331947068,-0.4285974880030484,-42.756670554925854,-42.328073066922805,-30562.02822905507,-33759.74484088992,5217.28225702877,0.00019167067272482546,45.2881727979146,0.022080820183720182,-0.021889149510995357,-3.08093149214983e-07,3.1511613027884495e-05,3.936588663213918e-05,8.25429930529246e-06,1.249250128747915,0.114231,3.8176,3.8373000000000003e-10,242.78,8.31446261815324,51378.93740587025,48113.419959152445,51545.131260169015,717.7430328883229,1
0.0984,424.35,4000000.0,Liquid,190310,5204.824336106817,13.853598047271865,-42.01477244169867,-5.053215628147323 m^-2 kg^-1 s^2 mol K,-1.3236629369623123 m^-2 kg^-1 s^2 mol K,-30629.295171180514,-33389.01961166191,-15560.050926027077,-12800.326485545682,0.00019212944288298403,376.7337226506924,329.13590094044946,-0.5430307469958291,-40.95509106142882,-40.412060314432985,-29629.8779251791,-32856.855284167665,5118.4939846691905,0.0001953699668291454,59.65279140853012,0.01676367486563259,-0.016568304898803444,-4.225876182317734e-08,3.229624518113025e-05,3.99157101928269e-05,8.459829521461193e-06,1.2359241753635335,0.114231,3.8176,3.8373000000000003e-10,242.78,8.31446261815324,46897.46185389635,43536.61732312763,47064.85953514095,686.729991224158,1
0.0972,433.31,4000000.0,Liquid,190310,5131.850610693787,21.78090004537512,-40.696368179744134,-4.894648042663684 m^-2 kg^-1 s^2 mol K,-1.2821270019550723 m^-2 kg^-1 s^2 mol K,-30024.52176123351,-32847.815642310845,-15213.672346345917,-12390.378465268579,0.00019486147899866628,382.09259142273766,333.04308306605975,-0.6459207627631638,-39.58858057396607,-38.94265981120291,-28886.478532492867,-32126.849358169937,5039.498401737941,0.0001984324470973413,73.0722735943107,0.013685081232751714,-0.013486648785654372,5.50935510545969e-08,3.2896387198386375e-05,4.0334911971445766e-05,8.617033528496012e-06,1.2261198084823206,0.114231,3.8176,3.8373000000000003e-10,242.78,8.31446261815324,43548.84703867706,40114.73888590381,43717.478682975794,662.6278169378055,1
0.0943,443.44,4000000.0,Liquid,190310,5046.794377787702,30.68230394760659,-39.230545270285475,-4.718350069267512 m^-2 kg^-1 s^2 mol K,-1.2359466862079609 m^-2 kg^-1 s^2 mol K,-29334.17566995055,-32228.558652652875,-14832.165657997479,-11937.782675295159,0.00019814558017288534,388.34903265484667,337.483116821764,-0.7793467166374873,-38.06338899930702,-37.28404228266954,-28016.264686576338,-31261.047390127223,4946.897670133736,0.00020214689421157273,91.09964212286583,0.010976991530343257,-0.010774844636131684,6.885966286063194e-08,3.356930352359909e-05,4.080366659584203e-05,8.793300378143097e-06,1.215505307316168,0.114231,3.8176,3.8373000000000003e-10,242.78,8.31446261815324,39879.58672666792,36363.0018536227,40049.967157016574,635.1761476429671,1
0.0929,453.45,4000000.0,Liquid,190310,4959.744154065337,39.42206486166005,-37.80319208644986,-4.546678940369869 m^-2 kg^-1 s^2 mol K,-1.190978347749861 m^-2 kg^-1 s^2 mol K,-28643.132192855788,-31606.832053748916,-14464.97460214823,-11501.2747412551,0.0002016233033271148,394.7596986954282,341.8927911659669,-0.9310884932684572,-36.57160676504759,-35.640518271779136,-27120.26982702496,-30357.050663532358,4851.507200865345,0.00020612151205745582,112.36562327479106,0.00889951900640013,-0.008693397494342675,6.245682016015053e-08,3.422846979927662e-05,4.126163762808959e-05,8.965965475502048e-06,1.2054771326342377,0.114231,3.8176,3.8373000000000003e-10,242.78,8.31446261815324,36376.5083320572,32778.83461967911,36549.02769388069,607.8093228210894,1
0.0918,463.54,4000000.0,Liquid,190310,4868.570441672332,48.18298814616902,-36.38073435985424,-4.375596599643491 m^-2 kg^-1 s^2 mol K,-1.1461642392192715 m^-2 kg^-1 s^2 mol K,-27935.31997158927,-30967.809562932285,-14103.883957765456,-11071.394366422439,0.00020539910266893552,401.4813208432867,346.35857464817536,-1.1066052294586997,-35.077668684511245,-33.971063455052544,-26174.7122997733,-29389.637632800193,4750.8839231440425,0.00021048714642942054,137.86661814963037,0.007253387465518832,-0.0070429003190894115,-1.9383151084184647e-07,3.488713393455771e-05,4.1718181165143464e-05,9.138499039856903e-06,1.1958041965671249,0.114231,3.8176,3.8373000000000003e-10,242.78,8.31446261815324,32970.03226211122,29291.090421816334,33145.17642383509,579.9464287189035,1
0.09,473.49,4000000.0,Liquid,190310,4774.823863116331,56.78238473124153,-34.98908525909713,-4.208219684902342 m^-2 kg^-1 s^2 mol K,-1.1023207473025831 m^-2 kg^-1 s^2 mol K,-27223.700631106924,-30322.788299597323,-13755.806320267424,-10656.718651777022,0.00020943180914475475,408.4036531604934,350.7813770230989,-1.3048765783763243,-33.60819115113148,-32.303314572755156,-25193.59375906686,-28371.921842574797,4646.605079671439,0.00021521088684186388,167.7150614942285,0.005962493714581576,-0.005747282827739712,-1.7508864402770996e-07,3.553102291263253e-05,4.2163549375002436e-05,9.307162330425536e-06,1.1866686044665438,0.114231,3.8176,3.8373000000000003e-10,242.78,8.31446261815324,29734.44599662037,25975.893707353054,29912.708612422437,552.1568007855022,1
0.0882,483.42,4000000.0,Liquid,190310,4676.915997029208,65.3331580467144,-33.60603073241376,-4.041876459825629 m^-2 kg^-1 s^2 mol K,-1.0587480248914578 m^-2 kg^-1 s^2 mol K,-26497.08246800842,-29661.19553428789,-13415.36815762443,-10251.25509134496,0.00021381611314704032,415.6538336154923,355.2124968390942,-1.5313543480219858,-32.139031913883954,-30.60767756586197,-24157.980543408357,-27283.208687265163,4536.743478147513,0.00022042242520803261,203.01975431915548,0.004925629051978649,-0.004705206626770616,1.8510036170482635e-07,3.616807385306518e-05,4.2603380852892455e-05,9.474034433430736e-06,1.1779278328719156,0.114231,3.8176,3.8373000000000003e-10,242.78,8.31446261815324,26628.905449105638,22791.51563366403,26810.893152531666,524.065328865036,1
0.0863,493.42,4000000.0,Liquid,190310,4573.255187343195,73.9215628092977,-32.21343569615158,-3.8743857751935673 m^-2 kg^-1 s^2 mol K,-1.0148747315574096 m^-2 kg^-1 s^2 mol K,-25745.262459708934,-28973.134090815594,-13078.380649620483,-9850.509018513823,0.00021866262848562886,423.3691347977597,359.69054047903626,-1.7929754425065068,-30.649653930615212,-28.856678488108706,-23047.84273378405,-26100.879798024576,4419.266805602869,0.00022628187977520893,245.2394899913755,0.0040776467119352094,-0.0038513648321600005,4.225876182317734e-08,3.680405787187864e-05,4.3041770946345205e-05,9.640627061996709e-06,1.1694843839280205,0.114231,3.8176,3.8373000000000003e-10,242.78,8.31446261815324,23627.45054010214,19711.40234802434,23813.92449307351,495.3573201094675,1
0.0844,503.41,4000000.0,Liquid,190310,4463.792411855803,82.48879669657902,-30.81609549677845,-3.7063243786190885 m^-2 kg^-1 s^2 mol K,-0.970851943267783 m^-2 kg^-1 s^2 mol K,-24969.837815951687,-28259.322423843827,-12746.191789810584,-9456.707181918444,0.00022402475467810882,431.58688192920545,364.1780126145739,-2.094028707803486,-29.143396772179944,-27.04936806437646,-21858.53940720966,-24818.31339892315,4293.780730696317,0.00023289498526344902,295.5207725238871,0.003383856882409745,-0.003150961897146296,3.91155481338501e-08,3.743388159351058e-05,4.3475308927166786e-05,9.805606033505496e-06,1.161389283624371,0.114231,3.8176,3.8373000000000003e-10,242.78,8.31446261815324,20756.63452086092,16762.898321753313,20948.481948357836,466.18848942331914,1
0.0838,513.45,4000000.0,Liquid,190310,4346.770045424874,91.0981097739651,-29.398126729277045,-3.535781935574663 m^-2 kg^-1 s^2 mol K,-0.9261792580612592 m^-2 kg^-1 s^2 mol K,-24160.690882521343,-27509.528201135166,-12415.060031987861,-9066.22271337404,0.00023005587816924767,440.4956643632681,368.6999409423425,-2.4447904036517514,-27.600570998102757,-25.155780594451006,-20565.45741647123,-23407.21065219013,4157.789001625316,0.00024051244534272693,356.12983963173315,0.002807964648607037,-0.00256745220326431,-1.2922100722789764e-07,3.806134634782287e-05,4.3906704002441754e-05,9.969967086081012e-06,1.1535772697371551,0.114231,3.8176,3.8373000000000003e-10,242.78,8.31446261815324,18001.631568485616,13930.930832482467,18199.99166377325,436.2926435005547,1
0.0822,523.6,4000000.0,Liquid,190310,4219.902216549586,99.81565925136664,-27.941489893865807,-3.36058879293777 m^-2 kg^-1 s^2 mol K,-0.8802883468508408 m^-2 kg^-1 s^2 mol K,-23305.30398894364,-26710.867353277194,-12080.703244849052,-8675.1398805155,0.0002369723156328614,450.3681442381517,373.2813123348361,-2.8602489975511034,-25.997299870822335,-23.13705087327123,-19134.956719427435,-21828.670624581988,4007.867434052544,0.0002495092506063387,430.3749025982217,0.0023235555650733524,-0.0020740463144670136,8.381903171539307e-09,3.8690130475616155e-05,4.43385592035938e-05,1.0134673741517224e-05,1.1459914623843794,0.114231,3.8176,3.8373000000000003e-10,242.78,8.31446261815324,15351.130353239685,11204.064273107211,15557.516899972248,405.36277025286864,1
0.1301,302.84,7000000.0,Liquid,190310,6104.991656142722,-102.46545201819045,-64.51403645138154,-7.75925509731993 m^-2 kg^-1 s^2 mol K,-2.0324955724329237 m^-2 kg^-1 s^2 mol K,-39048.8197776978,-40420.16892328737,-20882.738124350977,-19511.38897876141,0.00016380038767027958,316.25621860859457,278.61086195740995,-0.014310736875233864,-63.315511079820396,-63.301200342945165,-38653.39127045545,-41165.17418921824,6035.4239159755,0.00016568844441117785,0.9705540149170439,1.030339357346817,-1.0301736689024057,-2.6662746677175164e-08,2.3636634356657327e-05,3.372006291637036e-05,6.191490558638235e-06,1.4266017068065786,0.114231,3.8176,3.8373000000000003e-10,242.78,8.31446261815324,104423.70820932103,102427.88618274443,104945.83804202595,1021.2007747640704,1
0.1269,312.95,7000000.0,Liquid,190310,6037.909110896215,-92.0126433263912,-62.242164219466304,-7.48601167363131 m^-2 kg^-1 s^2 mol K,-1.96092091199479 m^-2 kg^-1 s^2 mol K,-38333.87530882035,-39776.54465421233,-20297.85936173035,-18855.190016338373,0.00016562024727986816,320.4009575012143,282.6921369613954,-0.022331948361736152,-61.02023077983748,-60.997898831475744,-37910.49189230978,-40502.59812130312,5964.664773972218,0.00016765401542156435,1.590561014422914,0.6287089843974449,-0.6285413303820234,1.653952494962141e-07,2.4400222565152204e-05,3.427829685139169e-05,6.3915084254904135e-06,1.4048354173763609,0.114231,3.8176,3.8373000000000003e-10,242.78,8.31446261815324,99441.35609823308,97355.8967235097,99957.90779986074,995.8791216206903,1
0.1238,323.1,7000000.0,Liquid,190310,5970.624073962974,-81.7181660225933,-60.07546659248619,-7.2254178473689255 m^-2 kg^-1 s^2 mol K,-1.8926597462722456 m^-2 kg^-1 s^2 mol K,-37628.33558331532,-39142.331699550545,-19731.948443518253,-18217.952327283023,0.0001674866793842967,324.6926265360631,286.8120963239622,-0.03365459622415528,-58.8258672803786,-58.79221268415445,-37172.04836230498,-39843.11476109775,5893.351270651939,0.00016968274146152794,2.5124497276314335,0.3980179141505577,-0.3978482314090962,-3.805380401900038e-07,2.5158042752531633e-05,3.482974032238381e-05,6.590015389912938e-06,1.3844375997365264,0.114231,3.8176,3.8373000000000003e-10,242.78,8.31446261815324,94516.31121782023,92341.57307613794,95027.97594806325,970.4456808366092,1
0.1207,333.25,7000000.0,Liquid,190310,5903.224908376983,-71.60735995811716,-58.0123163955635,-6.9772779143781705 m^-2 kg^-1 s^2 mol K,-1.8276608116036699 m^-2 kg^-1 s^2 mol K,-36933.75231266659,-38518.754450041444,-19186.15001121991,-17601.147873845057,0.0001693989328749694,329.1154333693097,290.9580239440668,-0.049090124577798475,-56.73069931459661,-56.68160919001881,-36438.67427170266,-39186.51781224117,5821.550027850484,0.00017177555723406438,3.8337844920683515,0.2608388661566351,-0.260667090599401,-3.867899067699909e-08,2.59071773472787e-05,3.537258807066916e-05,6.786247209576357e-06,1.3653586261640622,0.114231,3.8176,3.8373000000000003e-10,242.78,8.31446261815324,89677.63672157346,87414.31521366694,90185.10988116651,945.0056061824695,1
0.118,343.38,7000000.0,Liquid,190310,5835.674020309316,-61.68470072934643,-56.046659879111274,-6.7408637759393795 m^-2 kg^-1 s^2 mol K,-1.7657333864049087 m^-2 kg^-1 s^2 mol K,-36250.16709124481,-37905.66858468104,-18660.36651539181,-17004.865021955575,0.00017135981148360917,333.66020918091516,295.1240699099493,-0.06951101649867374,-54.72853459367676,-54.65902357717809,-35709.326385573775,-38531.052455043435,5749.1925181051665,0.00017393746980133874,5.668299687812632,0.17641974755676598,-0.17624581008696463,-1.6771082300692797e-09,2.6646456789797846e-05,3.590618429654706e-05,6.979897524569846e-06,1.3475031438436682,0.114231,3.8176,3.8373000000000003e-10,242.78,8.31446261815324,84942.12944077104,82591.07945874939,85446.09963257084,919.6107203788156,1
0.1159,353.42,7000000.0,Liquid,190310,5768.279306393933,-52.00266627735289,-54.181804804089474,-6.516573264253129 m^-2 kg^-1 s^2 mol K,-1.706981680703355 m^-2 kg^-1 s^2 mol K,-35580.882184982336,-37305.846093943816,-18156.91264008251,-16431.948731121032,0.00017336192422089122,338.2931871444886,299.2825406473946,-0.09566129594819904,-52.82275628952745,-52.72709499357925,-34986.44151913896,-37878.06977714527,5676.580697953152,0.000176162385987145,8.128942627339024,0.12301722940408376,-0.12284106701809662,-6.326445145532489e-09,2.7371266571152565e-05,3.642732821362348e-05,7.169757588839209e-06,1.3308601601949754,0.114231,3.8176,3.8373000000000003e-10,242.78,8.31446261815324,80347.06205793469,77909.72676739751,80848.22414590525,894.435829508494,1
0.1134,363.23,7000000.0,Liquid,190310,5701.848458399596,-42.67741478286807,-52.43222050786514,-6.306146640600457 m^-2 kg^-1 s^2 mol K,-1.6518615466786613 m^-2 kg^-1 s^2 mol K,-34933.64481830873,-36726.03502259482,-17681.079567522953,-15888.689363236865,0.00017538172178653124,342.94346957709877,303.3749143977955,-0.1278711934537467,-51.02834721877168,-50.90047602531793,-34277.54143371448,-37233.63045476538,5604.566363089513,0.0001784259361412487,11.296518029798282,0.08852285256060063,-0.08834442662445939,-9.642826626077294e-08,2.8072237700886418e-05,3.692943071789995e-05,7.353373245202854e-06,1.315514320995289,0.114231,3.8176,3.8373000000000003e-10,242.78,8.31446261815324,75956.6186265885,73435.61186612434,76455.67412291614,869.8298491378441,1
0.1108,373.3,7000000.0,Liquid,190310,5632.904354578839,-33.23282814906134,-50.70374404678204,-6.098258705990077 m^-2 kg^-1 s^2 mol K,-1.597406408735875 m^-2 kg^-1 s^2 mol K,-34274.9369910767,-36136.02770457802,-17208.320051914285,-15347.229338412963,0.0001775283116936162,347.8438931212019,307.60610592909575,-0.16883312496747815,-49.248542782026554,-49.07970965705908,-33544.44865044498,-36562.04725952282,5529.3319237914075,0.00018085367523284983,15.501601191641221,0.0645094650312137,-0.06432861135598085,-4.1232851799577475e-08,2.8784708165719087e-05,3.743783729266318e-05,7.540001091187942e-06,1.3006154892078936,0.114231,3.8176,3.8373000000000003e-10,242.78,8.31446261815324,71556.02381376042,68949.78769124116,72053.57658659776,844.5599791680464,1
0.1083,383.21,7000000.0,Liquid,190310,5564.156586812619,-24.054785562529986,-49.06306134797594,-5.90092993392681 m^-2 kg^-1 s^2 mol K,-1.5457171872188835 m^-2 kg^-1 s^2 mol K,-33631.11967014129,-35559.25258853414,-16757.796849376286,-14829.663930983439,0.00017972175735852928,352.7922988110124,311.80005697447746,-0.21804478910890626,-47.551696157993725,-47.333651368884816,-32814.805164393765,-35887.57974385549,5453.773255641055,0.00018335929147139738,20.76976239153073,0.04814691574939583,-0.04796355645792443,-3.568711690604687e-07,2.9479173044456026e-05,3.793151372378982e-05,7.72191246973387e-06,1.2867224486449214,0.114231,3.8176,3.8373000000000003e-10,242.78,8.31446261815324,67333.74745306655,64644.299078042815,67830.48429794531,819.6754402124199,1
0.1059,393.11,7000000.0,Liquid,190310,5494.431464328019,-14.99224735459028,-47.477941094972145,-5.710283788072123 m^-2 kg^-1 s^2 mol K,-1.495778444067509 m^-2 kg^-1 s^2 mol K,-32991.146203311764,-34985.627437673546,-16321.574013829053,-14327.092779467266,0.00018200245220863852,357.86118594968065,316.01913264150744,-0.2771612464842488,-45.90440912424109,-45.627247877756844,-32074.787202449934,-35196.58949842223,5376.55097648842,0.00018599284269283145,27.359695931749847,0.036550113805889906,-0.03636412096319708,-6.964546628296375e-08,3.016658215302435e-05,3.841835836703707e-05,7.90197562683999e-06,1.2735403093447708,0.114231,3.8176,3.8373000000000003e-10,242.78,8.31446261815324,63225.90705994388,60454.00359129131,63722.501991113524,794.7948245482186,1
0.1041,402.58,7000000.0,Liquid,190310,5426.608865308415,-6.41493285278847,-46.00714484105492,-5.533387658825478 m^-2 kg^-1 s^2 mol K,-1.4494414445791801 m^-2 kg^-1 s^2 mol K,-32380.864963773733,-34438.161295053156,-15916.604924941272,-13859.308593661852,0.00018427714707667,362.8285996258159,320.0818774885849,-0.3441266645301257,-44.36797891545074,-44.02385225092062,-31353.61336281608,-34515.85330069866,5300.824138505228,0.00018864991063106436,35.118334075312774,0.02847515482526754,-0.028286504914636478,2.632150426506996e-07,3.0818389206212454e-05,3.8878352697301557e-05,8.072713015038886e-06,1.2615309787010007,0.114231,3.8176,3.8373000000000003e-10,242.78,8.31446261815324,59401.73413928475,56551.60796144819,59898.84432226432,770.9699406621198,1
0.102,412.64,7000000.0,Liquid,190310,5353.190780105403,2.6064623824166095,-44.48849443739789,-5.350735998291061 m^-2 kg^-1 s^2 mol K,-1.4015968143050765 m^-2 kg^-1 s^2 mol K,-31733.407262419518,-33856.65578335098,-15498.923438703117,-13375.674917771652,0.00018680447626047623,368.2348110245019,324.4258207311171,-0.42769778667249053,-42.77236122118208,-42.34466343450959,-30569.921548329432,-33767.33193897638,5218.117100057528,0.00019164000746341539,45.17779941559493,0.022134765591411473,-0.021943125583948057,1.9191065803170204e-07,3.150482013613811e-05,3.936111749523155e-05,8.252519943456127e-06,1.249368107011719,0.114231,3.8176,3.8373000000000003e-10,242.78,8.31446261815324,55454.08147793751,52521.58681228425,55952.46666703901,745.6282333204391,1
0.1007,424.22,7000000.0,Liquid,190310,5266.700066092764,12.88559276235061,-42.79006461726982,-5.146461843949465 m^-2 kg^-1 s^2 mol K,-1.3480882868685733 m^-2 kg^-1 s^2 mol K,-30987.58105382542,-33185.636890387126,-15033.235678448915,-12835.179841887215,0.00018987221361589242,374.62704427019685,329.4607249087405,-0.5416352484799385,-40.975058552276536,-40.433423303796594,-29640.500055434946,-32867.22178031572,5119.62160566193,0.0001953269356653376,59.473912823914795,0.016814094659631917,-0.01661876772396658,2.1245796233415604e-08,3.22875033461626e-05,3.990959561782644e-05,8.45753964432172e-06,1.2360694225857427,0.114231,3.8176,3.8373000000000003e-10,242.78,8.31446261815324,51058.773855692525,48032.44626842419,51559.60760029716,716.4082038187632,1
0.0989,433.21,7000000.0,Liquid,190310,5197.914265732486,20.794673859904837,-41.50399137739653,-4.991782786632475 m^-2 kg^-1 s^2 mol K,-1.3075709311170565 m^-2 kg^-1 s^2 mol K,-30406.966351891846,-32662.18069388625,-14682.236589284303,-12427.022247289897,0.00019238485840225393,379.71858870361973,333.3941051491492,-0.6446970414963498,-39.603733232193704,-38.959036190697354,-28894.904311792714,-32135.173087255207,5040.394469497266,0.00019839717031110482,72.91009190534737,0.013715522417640211,-0.013517125247329106,2.1624146029353142e-07,3.2889714897977225e-05,4.03302574239648e-05,8.615285754918595e-06,1.2262270302150045,0.114231,3.8176,3.8373000000000003e-10,242.78,8.31446261815324,47757.923169893926,44659.52145410748,48261.42980491764,693.6814379715678,1
0.0971,443.34,7000000.0,Liquid,190310,5118.487295325116,29.639008396740678,-40.08474419811165,-4.821086585992137 m^-2 kg^-1 s^2 mol K,-1.2628579699266913 m^-2 kg^-1 s^2 mol K,-29749.751455608137,-32068.293757635,-14297.123264844186,-11978.580962817321,0.00019537022215788895,385.5966267981934,337.8509593871631,-0.7779344398073725,-38.0783596761457,-37.30042523633833,-28025.025353950838,-31269.823883564764,4947.83028149074,0.0002021087917548191,90.905396604414,0.011000447029031983,-0.010798338237277164,-1.3853423297405243e-08,3.356268954506639e-05,4.079906552610763e-05,8.791567881670786e-06,1.2156077501275508,0.114231,3.8176,3.8373000000000003e-10,242.78,8.31446261815324,44156.70586592842,40977.961792804424,44664.095649936484,668.0228498505178,1
0.0943,453.47,7000000.0,Liquid,190310,5036.807485445628,38.41807170446976,-38.69327064910098,-4.653730785272964 m^-2 kg^-1 s^2 mol K,-1.219020008715676 m^-2 kg^-1 s^2 mol K,-29088.02766862059,-31468.617814127017,-13922.380372879195,-11541.790227372767,0.000198538459706789,391.63130853481147,342.3328741716872,-0.9314130740698823,-36.568637752425325,-35.637224678355444,-27118.43985092641,-30355.191531099463,4851.312389763635,0.00020612978914943093,112.4119195404174,0.008895853785687314,-0.008689723996537883,1.048319973051548e-07,3.422978109446801e-05,4.1262547567061116e-05,8.966308962297781e-06,1.205457535740119,0.114231,3.8176,3.8373000000000003e-10,242.78,8.31446261815324,40682.2172616928,37424.132271306866,41194.491634760816,642.3060063224606,1
0.0927,463.5,7000000.0,Liquid,190310,4953.470184571047,47.0524945274852,-37.339085426080224,-4.490859739336198 m^-2 kg^-1 s^2 mol K,-1.1763568051488364 m^-2 kg^-1 s^2 mol K,-28426.947482775435,-30867.550177775258,-13560.884082787074,-11120.28138778725,0.0002018786755020302,397.7701606358752,346.7941053058566,-1.1058608628783144,-35.083579527277976,-33.97771866439966,-26178.553841380606,-29393.595087371716,4751.292527897811,0.00021046904481851505,137.75656791817826,0.00725918201296913,-0.007048712968150616,-5.3318217396736145e-08,3.488453416533881e-05,4.171638114438172e-05,9.137818044147845e-06,1.1958417144589826,0.114231,3.8176,3.8373000000000003e-10,242.78,8.31446261815324,37368.37092815287,34032.8123038482,37886.56572736223,616.7808448661034,1
0.0912,473.46,7000000.0,Liquid,190310,4868.025447201521,55.57559107978122,-36.01396065855818,-4.331483862820877 m^-2 kg^-1 s^2 mol K,-1.134609142608151 m^-2 kg^-1 s^2 mol K,-27763.19003322339,-30261.800819106647,-13210.631005705694,-10712.020219822434,0.00020542209790108418,404.03879327121086,351.2463084156718,-1.3042376997511707,-33.61262236592271,-32.30838466617154,-25196.63247713788,-28375.094987832275,4646.9277814546695,0.00021519594171247504,167.6172318146286,0.005965973719849525,-0.00575077777813705,3.969762474298477e-08,3.552908991479571e-05,4.21622136271326e-05,9.30665599193098e-06,1.1866955705379496,0.114231,3.8176,3.8373000000000003e-10,242.78,8.31446261815324,34203.53872910796,30792.231555316288,34728.79702650712,591.3689650253973,1
0.0901,483.32,7000000.0,Liquid,190310,4780.515615078964,63.96873643199064,-34.71801559852066,-4.175617498444177 m^-2 kg^-1 s^2 mol K,-1.0937807780920414 m^-2 kg^-1 s^2 mol K,-27097.39760033272,-29651.666476997543,-12871.75517792054,-10317.486301255714,0.00020918245656300027,410.4274677195414,355.6744805667552,-1.5289169072387099,-32.15386284185735,-30.624945934618637,-24168.722329103563,-27294.57394193746,4537.881727670326,0.000220367136036704,202.6333972323017,0.004935020651376566,-0.004714653515339862,-9.080395102500916e-09,3.6161685916879225e-05,4.259897416881765e-05,9.472361147547994e-06,1.1780140524071552,0.114231,3.8176,3.8373000000000003e-10,242.78,8.31446261815324,31195.56405770484,27710.571083113515,31729.117155719337,566.146544420178,1
0.0881,493.29,7000000.0,Liquid,190310,4688.753092166412,72.41637478303558,-33.42034750754406,-4.019543901078624 m^-2 kg^-1 s^2 mol K,-1.052898129997544 m^-2 kg^-1 s^2 mol K,-26413.708743926367,-29022.215776129466,-12536.292554133059,-9927.785521929958,0.00021327631895795896,417.08906551774066,360.1719755574494,-1.78933440437936,-30.669113699925614,-28.879779295546253,-23062.758705569384,-26116.864387381196,4420.843087230208,0.00022620119743415964,244.6420889130932,0.0040876040768080615,-0.0038614028793739017,1.4889519661664963e-07,3.679582567768883e-05,4.303610052477261e-05,9.638470682546319e-06,1.169591923326987,0.114231,3.8176,3.8373000000000003e-10,242.78,8.31446261815324,28282.23555172904,24724.225846417157,28825.66711132597,540.5764692187163,1
0.087,503.31,7000000.0,Liquid,190310,4592.847139623305,80.87258035090863,-32.12574745395518,-3.863839303795049 m^-2 kg^-1 s^2 mol K,-1.0121121395104382 m^-2 kg^-1 s^2 mol K,-25714.158671237892,-28374.801777797213,-12205.591826747033,-9544.948720187711,0.00021772986768334241,424.0084726731479,364.71127173875374,-2.090793948177914,-29.158597630650053,-27.06780368247214,-21870.893164228186,-24831.71460269285,4295.082189972934,0.00023282441540572744,294.97157575361996,0.0033901571615675506,-0.003157332746161823,1.240987330675125e-07,3.74276042477746e-05,4.3470990631127526e-05,9.803961716202482e-06,1.161468694158063,0.114231,3.8176,3.8373000000000003e-10,242.78,8.31446261815324,25486.058029930788,21856.394506856814,26041.14668719952,514.8144604353914,1
0.0853,513.26,7000000.0,Liquid,190310,4493.54908629291,89.24209580239156,-30.84640607968216,-3.709969903807636 m^-2 kg^-1 s^2 mol K,-0.9718068691868283 m^-2 kg^-1 s^2 mol K,-25005.190813421697,-27714.883194483347,-11882.656810025683,-9172.964428964035,0.00022254124319024196,431.1258258995625,369.23710464315826,-2.4376400682573163,-27.63011546572021,-25.192475397462893,-20590.967692928305,-23435.202513357177,4160.467454837332,0.00024035760665242325,354.874319988841,0.0028178990241712752,-0.002577541417518852,-6.565824151039124e-08,3.8049522950707174e-05,4.389857950574386e-05,9.966870010139138e-06,1.1537222046808338,0.114231,3.8176,3.8373000000000003e-10,242.78,8.31446261815324,22842.242300880862,19143.411808712324,23410.892892105654,489.1773622715825,1
0.0836,523.48,7000000.0,Liquid,190310,4386.858663192174,97.81642129280978,-29.535367396078872,-3.5522881937785526 m^-2 kg^-1 s^2 mol K,-0.930502984539646 m^-2 kg^-1 s^2 mol K,-24259.896793346725,-27016.676843669942,-11555.502719170574,-8798.722668847357,0.0002279535487182376,438.7206681697518,373.9039173706849,-2.8549199835086267,-26.01657858903904,-23.161658605530413,-19152.7107486823,-21848.362838490542,4009.7249214591325,0.0002493936665451109,429.40729610575585,0.002328791357456853,-0.002079397690911742,5.3085386753082275e-08,3.868272894072694e-05,4.433347809970904e-05,1.013273494884926e-05,1.146079382549268,0.114231,3.8176,3.8373000000000003e-10,242.78,8.31446261815324,20267.045249160336,16499.588539720182,20852.043431071037,462.8032080174103,1
0.1309,302.81,10000000.0,Liquid,190310,6133.291343018387,-103.02383502674186,-65.00983013263799,-7.818885370979945 m^-2 kg^-1 s^2 mol K,-2.0481154052231623 m^-2 kg^-1 s^2 mol K,-39204.18685940458,-40091.44333976324,-20405.816677299128,-19518.560196940474,0.0001630445945044359,315.9720426873643,278.88253586836123,-0.014291014065931753,-63.32249636137404,-63.30820534730811,-38655.60885861646,-41167.15138057323,6035.6336895558115,0.0001656826857684258,0.9690723858353261,1.0319146584060537,-1.0317489757202853,2.948054316220805e-07,2.363435556650459e-05,3.371839268301015e-05,6.190893641687078e-06,1.4266685879430958,0.114231,3.8176,3.8373000000000003e-10,242.78,8.31446261815324,107514.93349230706,106053.0961099248,108570.79853532778,1037.715243094839,1
0.1279,312.96,10000000.0,Liquid,190310,6067.31715037428,-92.53942725689546,-62.73650790073011,-7.545467552377398 m^-2 kg^-1 s^2 mol K,-1.97649506296558 m^-2 kg^-1 s^2 mol K,-38494.41110432217,-39448.33039853084,-19814.31288591834,-18860.39359170968,0.00016481749267686002,320.0712547930588,282.9841569443432,-0.022341361538184463,-61.018016495510075,-60.99567513397189,-37909.76108686645,-40501.946013805355,5964.594684714183,0.00016765598550438955,1.591306819830445,0.6284143243391308,-0.6282466683536264,-6.266418495215476e-10,2.4400973517563787e-05,3.427884451113005e-05,6.391705133477522e-06,1.4048146270252777,0.114231,3.8176,3.8373000000000003e-10,242.78,8.31446261815324,102582.23002152797,101024.09514965086,103626.1893706281,1012.9430989621205,1
0.1252,323.09,10000000.0,Liquid,190310,6001.652289540603,-82.27692209613794,-60.583250840104874,-7.286490254683624 m^-2 kg^-1 s^2 mol K,-1.9086573382972611 m^-2 kg^-1 s^2 mol K,-37798.972983839005,-38819.08488743139,-19245.242373501915,-18225.130469909527,0.00016662078237067365,324.28724894839127,287.1000184506254,-0.03364156141783528,-58.827978669716074,-58.79433710829824,-37172.77300172707,-39843.76259373459,5893.421735456173,0.00016968071264674157,2.511362719361979,0.39819019064440586,-0.39802050993175914,7.893595466157421e-08,2.51573004419203e-05,3.48292013250173e-05,6.589820945599408e-06,1.3844570249270642,0.114231,3.8176,3.8373000000000003e-10,242.78,8.31446261815324,97733.77150212211,96080.92835006776,98767.24807736688,988.2408758736196,1
0.1225,333.22,10000000.0,Liquid,190310,5936.001623679379,-72.1991894470851,-58.53471666060085,-7.040108224529156 m^-2 kg^-1 s^2 mol K,-1.8441188769198333 m^-2 kg^-1 s^2 mol K,-37115.23718730077,-38201.14676312333,-18696.20847747792,-17610.298901655362,0.00016846356577984874,328.6275405139367,291.24174128895993,-0.0490375594442559,-56.73675586127248,-56.68771830182822,-36440.83681153486,-39188.4571826981,5821.763174927427,0.00017176926816719331,3.829179427486091,0.2611525573395535,-0.2609807880713863,-7.03730620443821e-08,2.5904975705123333e-05,3.537099587033058e-05,6.785670501132474e-06,1.365413203739663,0.114231,3.8176,3.8373000000000003e-10,242.78,8.31446261815324,92969.23364483926,91223.03454536054,93993.57977898156,963.5677910479616,1
0.1198,343.36,10000000.0,Liquid,190310,5870.143042844671,-62.28175030258457,-56.579294952692784,-6.804925050617384 m^-2 kg^-1 s^2 mol K,-1.7825138963268503 m^-2 kg^-1 s^2 mol K,-36441.332683263194,-37592.650567599885,-18165.58385264329,-17014.265968306598,0.00017035360002324578,333.0955990176984,295.4160139553009,-0.06946512748208857,-54.73240620012413,-54.66294107264204,-35710.765508309414,-38532.34881265964,5749.336201875623,0.00017393312286621314,5.664083823456833,0.1765510594773812,-0.176377126354515,-3.442073648329824e-08,2.6645005220919437e-05,3.5905138612257166e-05,6.979517293828436e-06,1.347537308195663,0.114231,3.8176,3.8373000000000003e-10,242.78,8.31446261815324,88291.82141969082,86453.49413207779,89308.3480166469,938.9046048480999,1
0.1177,353.41,10000000.0,Liquid,190310,5804.579057097119,-52.60712797866237,-54.7264515109202,-6.582079206349925 m^-2 kg^-1 s^2 mol K,-1.724140613566095 m^-2 kg^-1 s^2 mol K,-35782.60325708871,-36998.239680273895,-17657.364451799585,-16441.728028614405,0.00017227778106964088,337.6445750777206,299.58303922414996,-0.09563198903976652,-52.82461832588038,-52.72898633684061,-34987.16240810094,-37878.722907344636,5676.653534743259,0.0001761601256584752,8.126124763119021,0.1230598876033222,-0.12288372747766373,-1.5078694559633732e-07,2.737054843647486e-05,3.6426812855326065e-05,7.169569477282812e-06,1.330876249698473,0.114231,3.8176,3.8373000000000003e-10,242.78,8.31446261815324,83752.89732833911,81824.53925019132,84762.95348407286,914.4970904898647,1
0.1151,363.16,10000000.0,Liquid,190310,5740.5612113497145,-43.357185597118026,-53.00257867429984,-6.37474496049541 m^-2 kg^-1 s^2 mol K,-1.66983051144578 m^-2 kg^-1 s^2 mol K,-35151.19552057113,-36428.68580409763,-17180.269332738895,-15902.779049212391,0.00017419899608820321,342.1710651100259,303.655008944065,-0.1276157022670114,-51.04093138150475,-50.91331567923773,-34282.61499041824,-37238.25906681834,5605.084439360399,0.00017840944428557277,11.270874404674506,0.08872426078896398,-0.0885458513446784,-1.210355549119413e-07,2.8067260373132456e-05,3.692587211218531e-05,7.3520694606906055e-06,1.3156208201756951,0.114231,3.8176,3.8373000000000003e-10,242.78,8.31446261815324,79446.6444678323,77432.14812071309,80451.62836512162,890.8546395913389,1
0.1126,373.18,10000000.0,Liquid,190310,5674.214140033837,-33.97987862805824,-51.29965760350881,-6.169930632859492 m^-2 kg^-1 s^2 mol K,-1.6161804884900177 m^-2 kg^-1 s^2 mol K,-34509.068004572015,-35849.5005799109,-16705.494355433482,-15365.061780094595,0.00017623585845035392,346.9376915050006,307.87032851441603,-0.16829359071497246,-49.26940891586379,-49.10111532514882,-33553.22810972123,-36570.124470943556,5530.237160908635,0.00018082407153687002,15.445078386987781,0.06474554385185143,-0.06456471978031456,-4.7883077058941126e-08,2.8776258861863474e-05,3.74318194764656e-05,7.5377878410162075e-06,1.3007882524323948,0.114231,3.8176,3.8373000000000003e-10,242.78,8.31446261815324,75125.05256406803,73023.26586130001,76126.05702114243,866.5956471124707,1
0.1096,383.2,10000000.0,Liquid,190310,5607.168953843331,-24.723225451120996,-49.660000994226415,-5.972725270999727 m^-2 kg^-1 s^2 mol K,-1.564523593618956 m^-2 kg^-1 s^2 mol K,-33872.71196025558,-35275.38284551121,-16245.67046452364,-14842.999579268018,0.00017834311900207116,351.81924924778997,312.11673519551283,-0.21799030146166024,-47.55338323907775,-47.33539293761609,-32815.54652809354,-35888.26837048692,5453.850338139701,0.0001833566999458768,20.763813313650505,0.04816071040970986,-0.047977353709763984,1.251974026672542e-07,2.9478475521030566e-05,3.7931018802451824e-05,7.721729757185291e-06,1.2867361059899802,0.114231,3.8176,3.8373000000000003e-10,242.78,8.31446261815324,70912.34913487526,68724.5285755051,71910.63065078143,842.3757003053053,1
0.1078,393.09,10000000.0,Liquid,190310,5540.178088042363,-15.696019360109927,-48.097933160098584,-5.784851693852683 m^-2 kg^-1 s^2 mol K,-1.5153111100829533 m^-2 kg^-1 s^2 mol K,-33249.221012203605,-34712.55699429459,-15805.740448391429,-14342.404466300453,0.0001804996128478882,356.7489332254443,316.3382975396535,-0.27703099694224215,-45.90769278497878,-45.630661788036534,-32076.29546632364,-35198.00540254974,5376.708899211167,0.00018598737977923874,27.34489466948341,0.0365698976751221,-0.03638391029534286,5.689798854291439e-09,3.0165199697981204e-05,3.8417381061778345e-05,7.901613500099854e-06,1.2735662765842526,0.114231,3.8176,3.8373000000000003e-10,242.78,8.31446261815324,66864.04351959498,64592.55350266893,67860.88561323879,818.5085630061478,1
0.1059,402.57,10000000.0,Liquid,190310,5475.084099319944,-7.137446527085668,-46.64834552422451,-5.61050637504529 m^-2 kg^-1 s^2 mol K,-1.4696422818119472 m^-2 kg^-1 s^2 mol K,-32654.930297648105,-34175.62755104435,-15396.403093357294,-13875.705839961043,0.0001826455962793721,361.5772605068478,320.41262198143284,-0.34405018301161283,-44.36958284567377,-44.02553266266216,-31354.382795594596,-34516.58363509759,5300.905145932037,0.00018864702771891875,35.10931141711877,0.02848247258738362,-0.0282938255596647,-1.2126110959798098e-07,3.0817703825963555e-05,3.887786982937303e-05,8.072533483330772e-06,1.261543366401584,0.114231,3.8176,3.8373000000000003e-10,242.78,8.31446261815324,63088.22107469623,60737.71819643791,64084.87141262786,795.6673116429064,1
0.1042,412.6,10000000.0,Liquid,190310,5405.1469206826905,1.824534969452538,-45.160831037391205,-5.431599504553677 m^-2 kg^-1 s^2 mol K,-1.4227785793571033 m^-2 kg^-1 s^2 mol K,-32028.74231309196,-33609.20111871501,-14975.842232687397,-13395.38342706435,0.00018500884706269856,366.79476296990947,324.7522794407966,-0.4273383000716313,-42.77863837522574,-42.35130007515411,-30573.07827183943,-33770.365925838516,5218.450964256401,0.00019162774678721048,45.133710205872774,0.02215638810633123,-0.02196476035954402,1.4639226719737053e-08,3.1502102812603704e-05,3.935920967866377e-05,8.25180815501983e-06,1.2494153140442583,0.114231,3.8176,3.8373000000000003e-10,242.78,8.31446261815324,59206.99953159084,56774.20190678663,60204.749183036656,771.5407084007977,1
0.1021,424.26,10000000.0,Liquid,190310,5322.286794496425,12.13204476890356,-43.48538163444492,-5.230089259106397 m^-2 kg^-1 s^2 mol K,-1.3699940431439641 m^-2 kg^-1 s^2 mol K,-31302.78991062648,-32951.39221179201,-14502.284199562415,-12853.68189839688,0.0001878891609212157,373.00057105687415,329.83354979707036,-0.5420643457641892,-40.968914250840776,-40.42684990507659,-29637.232182336124,-32864.032744762684,5119.274699657066,0.0001953401719323616,59.52890634102769,0.01679856159747376,-0.0166032214255414,-1.8131686374545097e-08,3.22901932467902e-05,3.991147712529362e-05,8.458244249473543e-06,1.2360247218173899,0.114231,3.8176,3.8373000000000003e-10,242.78,8.31446261815324,54844.47930838406,52317.76208787736,55845.25599825505,743.5471060187596,1
0.1007,432.99,10000000.0,Liquid,190310,5259.026789925102,19.777396558164256,-42.26511517239151,-5.083324937935578 m^-2 kg^-1 s^2 mol K,-1.3315499103980455 m^-2 kg^-1 s^2 mol K,-30759.75964819596,-32458.346316914813,-14157.974098421018,-12459.387429702161,0.00019014925003153326,377.7457102866041,333.66275809575893,-0.6420110361709876,-39.637076373835804,-38.99506533766482,-28913.43030550032,-32153.470688063728,5042.364630624073,0.00019831965223749283,72.55432152379831,0.013782776532091107,-0.013584456879853615,-6.135087460279465e-08,3.287503380050768e-05,4.032001552813498e-05,8.611440119579757e-06,1.2264630896748259,0.114231,3.8176,3.8373000000000003e-10,242.78,8.31446261815324,51684.94974110565,49089.202298955526,52689.2814679897,722.6284429155243,1
0.0986,443.26,10000000.0,Liquid,190310,5183.12595914067,28.698674123923222,-40.86328157768611,-4.91472311012235 m^-2 kg^-1 s^2 mol K,-1.2873855590219903 m^-2 kg^-1 s^2 mol K,-30120.49497691931,-31876.62603816694,-13763.567846041797,-12007.436784794168,0.00019293376388749653,383.4364932953919,338.1936925542794,-0.776806036339389,-38.09033731655803,-37.31353128021864,-28032.03131683593,-31276.841625580455,4948.5760936459055,0.00020207833143841617,90.75024599867378,0.011019253876343366,-0.01081717554490495,9.551877155900002e-08,3.3557397949527454e-05,4.0795384296692394e-05,8.79018177638502e-06,1.2156897372690025,0.114231,3.8176,3.8373000000000003e-10,242.78,8.31446261815324,48086.65413788676,45411.19095610049,49096.65965622309,698.068359427502,1
0.0972,453.39,10000000.0,Liquid,190310,5106.542408733573,37.4271374767992,-39.51275849231196,-4.7522925181048326 m^-2 kg^-1 s^2 mol K,-1.244837730014887 m^-2 kg^-1 s^2 mol K,-29488.48978697075,-31299.9118006891,-13385.22222785978,-11573.80021414143,0.0001958272192726195,389.16537996634895,342.6896934825019,-0.9301152835675767,-36.58051403526252,-35.650398751694944,-27125.758754442944,-30362.626734044923,4852.091528639203,0.0002060966892519556,112.2268303769262,0.008910525198309437,-0.008704428509057482,3.2421667128801346e-08,3.4224535777141867e-05,4.1258907690766276e-05,8.964934979343531e-06,1.2055359336187863,0.114231,3.8176,3.8373000000000003e-10,242.78,8.31446261815324,44664.464829380704,41912.04941818931,45681.74362463381,673.9007263721498,1
0.0949,463.39,10000000.0,Liquid,190310,5029.112293127753,45.97980022434948,-38.207664779248525,-4.595325823683237 m^-2 kg^-1 s^2 mol K,-1.2037211399002612 m^-2 kg^-1 s^2 mol K,-28862.18339614708,-30726.59973646471,-13021.549954408734,-11157.13361409111,0.00019884224923084198,394.9344369756827,347.1531682919924,-1.1038159339633031,-35.09983465820881,-33.99601872424551,-26189.114063000023,-29404.47282637229,4752.415774030095,0.0002104192998989207,137.45431755435575,0.007275144337350874,-0.007064725037451953,-7.869675755500793e-08,3.487738433360131e-05,4.171143068675798e-05,9.13594518378073e-06,1.1959449220098957,0.114231,3.8176,3.8373000000000003e-10,242.78,8.31446261815324,41411.384612235495,38584.75636865274,42437.595201278775,650.107728844718,1
0.0941,473.41,10000000.0,Liquid,190310,4949.543215998043,54.49117528419817,-36.92498377664942,-4.4410547587320774 m^-2 kg^-1 s^2 mol K,-1.1633106555773463 m^-2 kg^-1 s^2 mol K,-28231.246530273027,-30147.007817499303,-12666.351247795697,-10750.589960569421,0.00020203884608336662,400.8295590030462,351.64973349844587,-1.3031734798108023,-33.620007672262446,-32.316834192451644,-25201.695866731694,-28380.38208744223,4647.465500765845,0.00021517104319229748,167.45429368895145,0.00597177879390488,-0.005756607750712583,4.423782229423523e-09,3.552586813939571e-05,4.2159987286637786e-05,9.305812065013544e-06,1.186740521616847,0.114231,3.8176,3.8373000000000003e-10,242.78,8.31446261815324,38277.93706583282,35378.833617823264,39314.98336588319,626.3423579248712,1
0.0922,483.23,10000000.0,Liquid,190310,4869.4738894766815,62.78063560121186,-35.68957158827008,-4.292468825387207 m^-2 kg^-1 s^2 mol K,-1.1243893612183589 m^-2 kg^-1 s^2 mol K,-27608.695379540768,-29572.88320681446,-12326.611528214708,-10362.423700941019,0.00020536099436965443,406.7195229727432,356.07918123434695,-1.5267260737241073,-32.16720984758396,-30.640483773859856,-24178.38419864828,-27304.79533267535,4538.90556838423,0.00022031742783227418,202.2862442863826,0.004943489872619665,-0.00472317244478739,6.542541086673737e-08,3.615593629737757e-05,4.259500776335983e-05,9.470855065323126e-06,1.1780916807968072,0.114231,3.8176,3.8373000000000003e-10,242.78,8.31446261815324,35330.876424663285,32362.73671048244,36380.53448145263,603.1381043090528,1
0.0906,493.28,10000000.0,Liquid,190310,4785.215958823701,71.21546435289206,-34.44494560869336,-4.142774727676155 m^-2 kg^-1 s^2 mol K,-1.0851777891020942 m^-2 kg^-1 s^2 mol K,-26966.31162141134,-28977.899899319284,-11986.89712946302,-9975.308851555077,0.000208976984237472,412.86394882808713,360.6347885086898,-1.7890546012025663,-30.670610478146955,-28.88155587694439,-23063.905528340714,-26118.09326376167,4420.964283006656,0.00022619499638208102,244.59619142858529,0.004088371099154951,-0.0038621761027728702,1.5599653124809265e-08,3.679519239324674e-05,4.3035664307551145e-05,9.638304797057508e-06,1.1696001979717805,0.114231,3.8176,3.8373000000000003e-10,242.78,8.31446261815324,32443.128600907534,29406.573374208307,33507.931494490935,579.4974001255089,1
0.0893,503.21,10000000.0,Liquid,190310,4699.488316818242,79.50535979671368,-33.2325280894972,-3.9969544173473732 m^-2 kg^-1 s^2 mol K,-1.0469809349715458 m^-2 kg^-1 s^2 mol K,-26325.47083502672,-28381.50033375492,-11658.559873839033,-9602.530375110835,0.00021278912353527105,419.0515009258906,365.1575819829864,-2.0875639456081294,-29.173795640280318,-27.08623169467219,-21883.23726264311,-24845.103742977855,4296.382674125727,0.00023275394112874046,294.42337273781976,0.003396469481009876,-0.0031637155398811356,-1.0710209608078003e-07,3.7421326353804766e-05,4.3466671906077265e-05,9.802317255292531e-06,1.1615481368863305,0.114231,3.8176,3.8373000000000003e-10,242.78,8.31446261815324,29718.815146403373,26617.114032930447,30801.034767011344,556.2681610731097,1
0.0879,513.21,10000000.0,Liquid,190310,4610.484567614044,87.81332283071598,-32.02694248682681,-3.851955797708601 m^-2 kg^-1 s^2 mol K,-1.0089993183436192 m^-2 kg^-1 s^2 mol K,-25673.069499200556,-27771.16544782147,-11334.618294157082,-9236.522345536168,0.00021689694116414895,425.39949964587805,369.73335065979876,-2.435761924748928,-27.63788781721753,-25.2021258924686,-20597.673781690086,-23442.559980146005,4161.17159025668,0.00024031693438008776,354.5446707939978,0.0028205190554987446,-0.002580202121118657,-2.2584572434425354e-08,3.8046411205007674e-05,4.389644123037322e-05,9.966054904916092e-06,1.1537603637263838,0.114231,3.8176,3.8373000000000003e-10,242.78,8.31446261815324,27106.37523574743,23941.807238765894,28208.872599028316,533.0341690387869,1
0.086,523.55,10000000.0,Liquid,190310,4515.43492882828,96.36519657134762,-30.79467279535761,-3.7037478198678273 m^-2 kg^-1 s^2 mol K,-0.9701770274171803 m^-2 kg^-1 s^2 mol K,-24990.161267871816,-27128.572081845225,-11006.021139835748,-8867.61032586234,0.00022146260897607312,432.0846226197146,374.48646814528297,-2.858027256063194,-26.00533372913097,-23.147306473067776,-19142.35688536423,-21836.878947091238,4008.6416553588406,0.0002494610608716242,429.97144802826546,0.0023257358240546754,-0.0020762747631830514,8.055940270423889e-08,3.8687046596459205e-05,4.433644214774216e-05,1.0133865935786673e-05,1.1460280907511822,0.114231,3.8176,3.8373000000000003e-10,242.78,8.31446261815324,24545.17735674051,21318.840921187944,25671.877824922074,509.21732351123643,1
0.1343,302.83,15000000.0,Liquid,190310,6178.005496511817,-103.84940909477365,-65.79109954105381,-7.912850482652954 m^-2 kg^-1 s^2 mol K,-2.0727290660763185 m^-2 kg^-1 s^2 mol K,-39444.34230772794,-39534.242965626276,-19610.724291608953,-19520.823633710617,0.00016186453711713482,315.6129455249495,279.35060539545367,-0.014304160156617519,-63.31783938836802,-63.3035352282114,-38654.13045717326,-41165.83324488255,6035.4938405598305,0.00016568652481753566,0.9700599281014038,1.0308641466689534,-1.0306984601441358,5.117581167723984e-07,2.3635874768390404e-05,3.371950618110939e-05,6.191291588534787e-06,1.4266239989646756,0.114231,3.8176,3.8373000000000003e-10,242.78,8.31446261815324,112119.38592421952,111942.79451696317,114460.66323161851,1063.9929134824374,1
0.1313,312.9,15000000.0,Liquid,190310,6114.594111174159,-93.4606704682135,-63.54546851004495,-7.642763149996493 m^-2 kg^-1 s^2 mol K,-2.001981126885083 m^-2 kg^-1 s^2 mol K,-38751.863436186206,-38900.31149503596,-19016.934398242895,-18868.486339393145,0.00016354315295802593,319.59085328317514,283.4253886639641,-0.02228493003803976,-61.031303805323226,-61.009018875285186,-37914.146027673036,-40505.858742522156,5965.0152162633385,0.00016764416581428764,1.5868363308176727,0.630184714440408,-0.6300170702745937,-4.010053089587018e-08,2.4396467674569313e-05,3.4275558421441134e-05,6.390524851888441e-06,1.4049393903515675,0.114231,3.8176,3.8373000000000003e-10,242.78,8.31446261815324,107338.6810734869,107050.25546068317,109651.85081390332,1040.3842983254447,1
0.1287,322.99,15000000.0,Liquid,190310,6051.395433402577,-83.25313546696013,-61.41208154227386,-7.386175675165204 m^-2 kg^-1 s^2 mol K,-1.934769403595244 m^-2 kg^-1 s^2 mol K,-38071.8116356413,-38278.53280170834,-18443.044584369312,-18236.32341830227,0.0001652511409980227,323.69354089208497,287.5299028727284,-0.03351143238261773,-58.849097856678824,-58.81558642429621,-37180.019667712564,-39850.24107574699,5894.126357500515,0.00016966042791523452,2.5005138568109815,0.3999177998058948,-0.3997481393779796,1.45200829138048e-08,2.514987687135876e-05,3.482381089251399e-05,6.587876380804369e-06,1.384651347226758,0.114231,3.8176,3.8373000000000003e-10,242.78,8.31446261815324,102617.19688321327,102219.6673520405,104905.15563307781,1016.7915648789007,1
0.1251,333.08,15000000.0,Liquid,190310,5988.386602486061,-73.23163380462637,-59.38493572468241,-7.142366073668468 m^-2 kg^-1 s^2 mol K,-1.8709047762124025 m^-2 kg^-1 s^2 mol K,-37404.45487294748,-37668.98778196561,-17889.0533907884,-17624.52048177026,0.00016698988665575683,327.91196801778005,291.65988215395663,-0.0487928352533045,-56.76503004029866,-56.71623720504536,-36450.92896614812,-39197.507563442574,5822.757780613353,0.00017173992765583712,3.807748610437515,0.26262237933955906,-0.2624506394119032,-1.1522206477820873e-07,2.5894700403331026e-05,3.536356465422467e-05,6.78297894052049e-06,1.3656680364479363,0.114231,3.8176,3.8373000000000003e-10,242.78,8.31446261815324,97974.32497850814,97470.52749829763,100239.9087071521,993.2729941939397,1
0.123,343.05,15000000.0,Liquid,190310,5926.176990428573,-63.49782348747926,-57.476887168226234,-6.912880580247609 m^-2 kg^-1 s^2 mol K,-1.8107922726968801 m^-2 kg^-1 s^2 mol K,-36756.42627504587,-37077.559913470024,-17360.11377041002,-17038.980131985863,0.0001687428508488879,332.19201280163117,295.7684838302428,-0.06875682690264798,-54.79245581177867,-54.72369898487602,-35733.07191903737,-38552.440690126285,5751.562848192313,0.00017386578681206533,5.599061034185203,0.1786013751045891,-0.17842750931777704,3.766181180253625e-07,2.662250190913054e-05,3.588892660969771e-05,6.973622671084068e-06,1.3480673879636056,0.114231,3.8176,3.8373000000000003e-10,242.78,8.31446261815324,93471.8136189408,92865.7023098962,95717.97871105366,970.1154376502367,1
0.1204,353.32,15000000.0,Liquid,190310,5862.013053409316,-53.63274469768546,-55.60129665397625,-6.687298892002967 m^-2 kg^-1 s^2 mol K,-1.7517023501684217 m^-2 kg^-1 s^2 mol K,-36099.63703598269,-36478.45503265873,-16833.40489887583,-16454.586902199797,0.000170589862371324,336.7145392741241,300.0315267903477,-0.09536853460914177,-52.84137977883345,-52.746011244224306,-34993.65028972773,-37884.60078269087,5677.309016576778,0.00017613978683918207,8.100799220377498,0.12344460994472098,-0.1232684701578818,5.164984031580389e-07,2.7364084890141233e-05,3.642217430250477e-05,7.1678763857243375e-06,1.3310210974980201,0.114231,3.8176,3.8373000000000003e-10,242.78,8.31446261815324,88929.15568098742,88220.3690387581,91158.034971004,946.3525938664018,1
0.1175,363.22,15000000.0,Liquid,190310,5799.960551800018,-44.26660254495524,-53.87196469527476,-6.479308064679288 m^-2 kg^-1 s^2 mol K,-1.6972202600270558 m^-2 kg^-1 s^2 mol K,-35475.80505135474,-35909.55967698576,-16342.18466036806,-15908.430034737044,0.00017241496576897406,341.1806351463699,304.17179704151573,-0.12783467108999055,-51.03014476988447,-50.90231009879448,-34278.2662435958,-37234.29171505382,5604.640377905953,0.00017842357985038595,11.292851808087569,0.08855159148407782,-0.08837316790422743,-1.0622170520946383e-07,2.807152667528281e-05,3.6928922366650115e-05,7.3531869958305765e-06,1.3155295326052328,0.114231,3.8176,3.8373000000000003e-10,242.78,8.31446261815324,84647.15477202216,83841.94498319627,86861.92409536189,923.5394428309633,1
0.1153,373.16,15000000.0,Liquid,190310,5737.346244521998,-34.993805396331005,-52.20652250205092,-6.279001409912734 m^-2 kg^-1 s^2 mol K,-1.6447509979863615 m^-2 kg^-1 s^2 mol K,-34857.6570907795,-35345.83281350404,-15864.44687663871,-15376.271153914173,0.00017429660985770156,345.76705959164957,308.3598858182041,-0.16820379408462888,-49.2728873778399,-49.104683583755275,-33554.69123731827,-36571.470481575874,5530.3880122993705,0.00018081913923146775,15.435673861556301,0.06478499150533198,-0.06460417236610051,-4.939647624269128e-08,2.8774850550059717e-05,3.7430816413037366e-05,7.537418941235257e-06,1.300817057170074,0.114231,3.8176,3.8373000000000003e-10,242.78,8.31446261815324,80448.09504335358,79548.55453902621,82651.17940961626,900.7316193387811,1
0.1129,382.97,15000000.0,Liquid,190310,5675.140620566325,-25.96183727956425,-50.626500714907145,-6.088968468554136 m^-2 kg^-1 s^2 mol K,-1.5949728804888244 m^-2 kg^-1 s^2 mol K,-34254.74370777944,-34795.827143897026,-15407.396165109047,-14866.31272899145,0.0001762070875171036,350.3910481961392,312.5239688478362,-0.21673988314409423,-47.59219957631533,-47.37545969317124,-32832.59477709937,-35904.10195495756,5455.6227468682855,0.00018329713149136537,20.62735696132818,0.04847930841914372,-0.04829601128765235,1.515436451882124e-07,2.9462430694189646e-05,3.791963382881789e-05,7.717526900196365e-06,1.2870504210060343,0.114231,3.8176,3.8373000000000003e-10,242.78,8.31446261815324,76406.03068038641,75415.80910913221,78599.99885800637,878.3227183362259,1
0.1108,392.93,15000000.0,Liquid,190310,5611.464865205836,-16.904575555223627,-49.08145720746342,-5.9031424472704055 m^-2 kg^-1 s^2 mol K,-1.5462967433126587 m^-2 kg^-1 s^2 mol K,-33648.98613801192,-34242.88913410383,-14957.312153575233,-14363.409157483316,0.00017820658669727207,355.1818059403152,316.78289354294174,-0.27599063647018585,-45.933968232394236,-45.65797759592405,-32088.359488294573,-35209.329531788026,5377.971989142937,0.00018594369811125876,27.226712939392154,0.036728634933862324,-0.03654269123575107,-2.458837116137147e-07,3.0154139156430427e-05,3.8409561724501214e-05,7.898716250112747e-06,1.2737741085973036,0.114231,3.8176,3.8373000000000003e-10,242.78,8.31446261815324,72408.98380370175,71329.14248087908,74596.14427743002,855.6786491350208,1
0.1088,402.43,15000000.0,Liquid,190310,5550.151855666732,-8.364155917622968,-47.65863655095336,-5.732016456108503 m^-2 kg^-1 s^2 mol K,-1.5014712007828224 m^-2 kg^-1 s^2 mol K,-33076.39801990939,-33719.75845628625,-14540.493349086084,-13897.132912709232,0.0001801752503364381,359.8386135092388,320.8740633006951,-0.3429807661446164,-44.39204178674089,-44.04906102059628,-31365.15298640665,-34526.80561920262,5302.039009126116,0.00018860668476387168,34.983187409859624,0.02858515973070427,-0.0283965530459404,1.3153476174920797e-07,3.0808107862722626e-05,3.8871109048549915e-05,8.070019871836395e-06,1.261716857839991,0.114231,3.8176,3.8373000000000003e-10,242.78,8.31446261815324,68699.24139928161,67536.22464731705,70882.21383874046,834.1866258094404,1
0.1069,412.55,15000000.0,Liquid,190310,5484.121248487414,0.6351613049602118,-46.19299694042872,-5.555740528506801 m^-2 kg^-1 s^2 mol K,-1.4552966598142292 m^-2 kg^-1 s^2 mol K,-32471.19502381431,-33166.15729085367,-14109.236403079803,-13414.274136040443,0.00018234461907198202,364.8899559283084,325.26278286155855,-0.42688925815775947,-42.78648553175964,-42.35959627360188,-30577.02369126509,-33774.157725169694,5218.868235880853,0.0001916124253003329,45.078646976802105,0.022183451968170415,-0.02199183954287008,-9.98261384665966e-09,3.1498706024104925e-05,3.935682477790243e-05,8.250918384352715e-06,1.2494743354785414,0.114231,3.8176,3.8373000000000003e-10,242.78,8.31446261815324,64859.91946247943,63610.7978524662,67040.92940558532,811.4126827753507,1
0.1051,424.13,15000000.0,Liquid,190310,5407.53527883385,10.817154369950137,-44.57369453791484,-5.360983215030112 m^-2 kg^-1 s^2 mol K,-1.4042810181868481 m^-2 kg^-1 s^2 mol K,-31783.650684776938,-32536.156708117265,-13631.115643751444,-12878.609620411116,0.0001849271337931341,370.7804796666425,330.3224145022305,-0.5406707111945573,-40.98888472161127,-40.44821401041671,-29647.85122909713,-32874.39498204023,5120.401967858326,0.00019529716734685633,59.350326899793224,0.016849106858137355,-0.0166538096907905,1.2325472198426723e-07,3.2281450727644354e-05,3.990536190167334e-05,8.455954193117235e-06,1.2361700296046552,0.114231,3.8176,3.8373000000000003e-10,242.78,8.31446261815324,60611.647678220805,59267.21390479063,62793.626935027954,785.516304137665,1
0.1036,433.07,15000000.0,Liquid,190310,5347.5725340735535,18.599356005452698,-43.362140897412175,-5.2152668054262685 m^-2 kg^-1 s^2 mol K,-1.3661113802981633 m^-2 kg^-1 s^2 mol K,-31255.76875820496,-32051.502043365403,-13272.659684923112,-12476.926399762673,0.00018700073605887912,375.40560867687805,334.25538580951286,-0.6429867828344388,-39.62495043233658,-38.98196364950214,-28906.69528392441,-32146.819335598506,5041.648397195283,0.00019834782619040025,72.68352901156673,0.013758275273629899,-0.013559927447439498,8.431379683315754e-08,3.288037270543247e-05,4.032374015487469e-05,8.612838617307333e-06,1.2263772225493184,0.114231,3.8176,3.8373000000000003e-10,242.78,8.31446261815324,57439.27044593811,56023.65403430038,59624.39836034401,765.6515871320169,1
0.1013,443.2,15000000.0,Liquid,190310,5278.659755655884,27.340492531554037,-42.02651541290347,-5.054627982949325 m^-2 kg^-1 s^2 mol K,-1.3240328957851333 m^-2 kg^-1 s^2 mol K,-30659.983630683066,-31503.323069286584,-12877.171438287767,-12033.83199968425,0.00018944202625079937,380.7246691805433,338.739301870666,-0.7759605601406727,-38.09932118973873,-37.32336062959806,-28037.284291094016,-31282.102920270965,4949.135291387787,0.00020205549881413526,90.63402625673007,0.011033383832771575,-0.01083132833395744,-3.166496753692627e-08,3.355342901210864e-05,4.0792623156622446e-05,8.78914213435369e-06,1.2157512468219374,0.114231,3.8176,3.8373000000000003e-10,242.78,8.31446261815324,53959.11704404022,52465.44419973401,56150.41403209952,743.28814657022,1
0.1003,453.33,15000000.0,Liquid,190310,5208.632630755816,36.00519292710776,-40.72727670877039,-4.898365484240579 m^-2 kg^-1 s^2 mol K,-1.2831007659892548 m^-2 kg^-1 s^2 mol K,-30066.036463229088,-30955.39729190934,-12492.500941522467,-11603.140112842213,0.00019198896733381093,386.1233493845216,343.2515013982485,-0.9291428724665898,-36.58942165495159,-35.660278782485,-27131.246181620645,-30368.20081568898,4852.675698216118,0.00020607187914238901,112.08818122123675,0.008921547206000477,-0.008715475326858088,1.3347016647458076e-07,3.422060155015975e-05,4.125617757280194e-05,8.963904429526338e-06,1.205594750061001,0.114231,3.8176,3.8373000000000003e-10,242.78,8.31446261815324,50601.86914801883,49032.99670581369,52802.1920445011,721.092197629034,1
0.0989,463.35,15000000.0,Liquid,190310,5138.185390107832,44.50560511624618,-39.47505646750293,-4.747758006791171 m^-2 kg^-1 s^2 mol K,-1.2436499389121887 m^-2 kg^-1 s^2 mol K,-29479.70734435273,-30412.895033426037,-12122.127619208559,-11188.93993013525,0.00019462123766986414,391.53787841529623,347.7416601736344,-1.103073078886404,-35.105745730002745,-34.00267265111634,-26192.952684011718,-29408.426456451853,4752.824075690881,0.00021040122337257725,137.3445491918516,0.007280958770363259,-0.007070557546990682,1.2130476534366608e-07,3.487478422518612e-05,4.1709630374672597e-05,9.135264099221008e-06,1.1959824641596044,0.114231,3.8176,3.8373000000000003e-10,242.78,8.31446261815324,47403.131524914155,45762.80101356207,49615.30726768338,699.317479031996,1
0.0971,473.3,15000000.0,Liquid,190310,5066.989428751414,52.88203476342834,-38.26144034899759,-4.601793538100721 m^-2 kg^-1 s^2 mol K,-1.2054153232661151 m^-2 kg^-1 s^2 mol K,-28898.04865581865,-29872.946079723137,-11763.806362542573,-10788.908938638087,0.00019735584888449544,396.9837572157296,352.2261576212041,-1.3008347358248862,-33.63625512272907,-32.33542038690418,-25212.83031064435,-28392.007219111776,4648.647968968784,0.00021511631052196698,167.09631916944207,0.005984572281247929,-0.005769455970725962,1.7997808754444122e-07,3.551877973920509e-05,4.215508892366791e-05,9.303955296313151e-06,1.1868394475595614,0.114231,3.8176,3.8373000000000003e-10,242.78,8.31446261815324,44347.85671053147,42639.57855719588,46574.81371436781,677.8898639148331,1
0.0954,483.11,15000000.0,Liquid,190310,4995.51225160658,61.081558586600636,-37.09184650737139,-4.46112373232487 m^-2 kg^-1 s^2 mol K,-1.1685676163885346 m^-2 kg^-1 s^2 mol K,-28324.631476418,-29338.73644388058,-11419.294477704389,-10405.189510241806,0.00020017967119956423,402.4160640803646,356.67188533332745,-1.523809174971811,-32.18500464294591,-30.661195467974103,-24191.258250768893,-27318.413056661622,4540.269830360832,0.00022025122676916457,201.82420977536523,0.004954806963510581,-0.004734555736741417,1.2689270079135895e-08,3.6148269435137396e-05,4.2589718648137034e-05,9.468846771567842e-06,1.1781952307442503,0.114231,3.8176,3.8373000000000003e-10,242.78,8.31446261815324,41454.58971860441,39682.40668966276,43699.20672511878,656.9737285480311,1
0.094,493.07,15000000.0,Liquid,190310,4921.570341064391,69.35016212365706,-35.92978667086709,-4.321360059087932 m^-2 kg^-1 s^2 mol K,-1.1319572661064365 m^-2 kg^-1 s^2 mol K,-27742.05412497191,-28793.858504363612,-11077.958590559178,-10026.154211167477,0.00020318718024940987,407.99036641347584,361.2096016112995,-1.783187846303226,-30.70203865109745,-28.918850804794225,-23087.970376337795,-26143.87636912406,4423.507528516167,0.00022606494813301302,243.6342025765953,0.004104514019067637,-0.0038784490709346245,2.491287887096405e-08,3.678189214157437e-05,4.3026502724299e-05,9.634820866925392e-06,1.1697740442141742,0.114231,3.8176,3.8373000000000003e-10,242.78,8.31446261815324,38638.766669610035,36805.01087010032,40904.622953233134,635.9742308456172,1
0.0916,503.08,15000000.0,Liquid,190310,4845.801087747958,77.60653645042973,-34.78596196808551,-4.183789568328345 m^-2 kg^-1 s^2 mol K,-1.0959214083005933 m^-2 kg^-1 s^2 mol K,-27155.76357997967,-28243.140015513363,-10743.018268608905,-9655.641833075213,0.000206364227893791,413.6464437764441,365.79383078508533,-2.0833720386679957,-29.193548812843936,-27.11017677417594,-21899.270182391603,-24862.491627299383,4298.071848861508,0.0002326624670699454,293.7121909071741,0.0034046935434016213,-0.003172031076331676,-6.193295121192932e-08,3.7413164271943917e-05,4.346105692193016e-05,9.800179241393523e-06,1.1616514605935524,0.114231,3.8176,3.8373000000000003e-10,242.78,8.31446261815324,35933.047254319295,34040.97016187156,38223.810015812094,615.1364425083082,1
0.0903,513.24,15000000.0,Liquid,190310,4767.346101053093,85.93473968051036,-33.648132461509526,-4.046940133935348 m^-2 kg^-1 s^2 mol K,-1.0600744273720002 m^-2 kg^-1 s^2 mol K,-26559.555245613017,-27680.46537727594,-10410.89787273079,-9289.987741067865,0.00020976031083186995,419.4350561467908,370.4705040574786,-2.436888634946952,-27.63322453141729,-25.196335896470337,-20593.650484974914,-23438.145940052178,4160.7491449836525,0.00024034133401328357,354.742422839122,0.002818946750142445,-0.0025786054161291614,2.3283064365386963e-09,3.804827826869899e-05,4.3897724208094356e-05,9.966543972312183e-06,1.1537374673851537,0.114231,3.8176,3.8373000000000003e-10,242.78,8.31446261815324,33314.78358454605,31367.396608633087,35634.71140277406,594.2924026591926,1
0.0895,523.56,15000000.0,Liquid,190310,4686.007813839004,94.34355285990152,-32.514915987000435,-3.9106455197729253 m^-2 kg^-1 s^2 mol K,-1.0243727786496557 m^-2 kg^-1 s^2 mol K,-25952.550980722946,-27104.652038952463,-10081.142624798516,-8929.041566569,0.0002134012660087205,425.35495883572247,375.2448140438887,-2.858471453515251,-26.003727078620102,-23.145255625104852,-19140.877155667666,-21835.23765235662,4008.486841772287,0.0002494706954202864,430.0521063242645,0.0023252996213579476,-0.0020758289259376612,9.033828973770142e-08,3.868766338300032e-05,4.433686556699953e-05,1.0134027499738138e-05,1.1460207645024516,0.114231,3.8176,3.8373000000000003e-10,242.78,8.31446261815324,30787.851786475374,28788.565875778586,33141.685924138896,573.4739698637939,1
