speed_of_sound_m_s,temperature,pressure,state,rho,s_total,s_res,s_res*,s_res**,E_res,H_res,G_res,A_res,V,c_p,c_v,s_res_vle_gas,s_res_vle_liq,s_vap,dE_vap,dH_vap,rho_vap_liq,V_vap_liq,rho_vap_gas,V_vap_gas,dV_vap,dpressure,eta_CE,eta_CE_ig,eta_CE_m,omega22,M,m,sigma,epsilon,R,dp_drho_npt,dp_drho_nvt,dp_drho_tot,speed_of_sound,success
1152.6,303.15,100000.0,liquid,6034.269988293095,-100.86589423811489,-63.260722850957045,-7.608516118989797 m^-2 kg^-1 s^2 mol K,-1.9930102994000936 m^-2 kg^-1 s^2 mol K,-38646.41092862963,-41150.36825843734,-21972.88012616971,-19468.922796362007,0.00016572012885404032,317.1979813039483,278.05711701655497,-0.014515833534171184,-63.24339229058101,-63.228876457046844,-38630.481101388796,-41144.747477947094,6033.256224139675,0.00016574797470044413,0.9859754869036478,1.0142239977389242,-1.0140582497642239,2.2077301764511503e-07,2.3660177399930527e-05,3.37373171525702e-05,6.19765753351072e-06,1.4259114199485783,0.114231,3.8176,3.8373000000000003e-10,242.78,8.31446261815324,96257.95585623206,93737.5354714496,96258.06481414277,980.4484705876479,1
1220.1,303.15,9910000.0,liquid,6130.245989423809,-102.65357858179893,-64.91720502698415,-7.807745131386877 m^-2 kg^-1 s^2 mol K,-2.045197278758088 m^-2 kg^-1 s^2 mol K,-39175.67850367047,-40079.63323955385,-20399.9825356236,-19496.02779974022,0.00016312559099997739,316.1149403571081,279.0111866514558,-0.014515833534171184,-63.24339229058101,-63.228876457046844,-38630.481101388796,-41144.747477947094,6033.256224139675,0.00016574797470044413,0.9859754869036478,1.0142239977389242,-1.0140582497642239,2.2077301764511503e-07,2.3660177399930527e-05,3.37373171525702e-05,6.19765753351072e-06,1.4259114199485783,0.114231,3.8176,3.8373000000000003e-10,242.78,8.31446261815324,107259.67132456753,105775.95334332828,108296.48268602142,1036.3987712459282,1
1280.5,303.15,19710000.0,liquid,6216.2352153707125,-104.28080633581904,-66.42861585256962,-7.989526070817113 m^-2 kg^-1 s^2 mol K,-2.092813828273552 m^-2 kg^-1 s^2 mol K,-39635.790014207094,-38985.589917437654,-18847.755021731176,-19497.955118500617,0.0001608690735394516,315.4726775327567,279.90006964176047,-0.014515833534171184,-63.24339229058101,-63.228876457046844,-38630.481101388796,-41144.747477947094,6033.256224139675,0.00016574797470044413,0.9859754869036478,1.0142239977389242,-1.0140582497642239,2.2077301764511503e-07,2.3660177399930527e-05,3.37373171525702e-05,6.19765753351072e-06,1.4259114199485783,0.114231,3.8176,3.8373000000000003e-10,242.78,8.31446261815324,115756.00702557576,117224.1339575732,119744.66330026634,1086.964766592518,1
1335.3,303.15,29520000.0,liquid,6294.593155617707,-105.78575544680903,-67.82941315763216,-8.158003261634487 m^-2 kg^-1 s^2 mol K,-2.136945531651951 m^-2 kg^-1 s^2 mol K,-40042.906765646905,-37873.69695122648,-17311.210352490278,-19480.42016691071,0.00015886650261225135,315.1242479359893,280.74031795205644,-0.014515833534171184,-63.24339229058101,-63.228876457046844,-38630.481101388796,-41144.747477947094,6033.256224139675,0.00016574797470044413,0.9859754869036478,1.0142239977389242,-1.0140582497642239,2.2077301764511503e-07,2.3660177399930527e-05,3.37373171525702e-05,6.19765753351072e-06,1.4259114199485783,0.114231,3.8176,3.8373000000000003e-10,242.78,8.31446261815324,122008.44975046755,128213.72771706939,130734.25705976255,1133.4209338698427,1
1385.8,303.15,39330000.0,liquid,6366.728934991033,-107.19079074050626,-69.13970688701221,-8.315595374264744 m^-2 kg^-1 s^2 mol K,-2.178225946737412 m^-2 kg^-1 s^2 mol K,-40407.027220450465,-36750.13006963527,-15790.427926837516,-19447.325077652717,0.00015706652665925197,314.9839092646128,281.54117464323815,-0.014515833534171184,-63.24339229058101,-63.228876457046844,-38630.481101388796,-41144.747477947094,6033.256224139675,0.00016574797470044413,0.9859754869036478,1.0142239977389242,-1.0140582497642239,2.2077301764511503e-07,2.3660177399930527e-05,3.37373171525702e-05,6.19765753351072e-06,1.4259114199485783,0.114231,3.8176,3.8373000000000003e-10,242.78,8.31446261815324,126190.07252056614,138809.45741585793,141329.9867585511,1176.5175097241572,1
1432.7,303.15,49130000.0,liquid,6433.659482961027,-108.51204067402024,-70.37400686360914,-8.464047539279237 m^-2 kg^-1 s^2 mol K,-2.2171122011942677 m^-2 kg^-1 s^2 mol K,-40735.41397427633,-35619.542893522106,-14285.662712819001,-19401.533793573217,0.00015543253457047437,314.9966723415952,282.30922619559533,-0.014515833534171184,-63.24339229058101,-63.228876457046844,-38630.481101388796,-41144.747477947094,6033.256224139675,0.00016574797470044413,0.9859754869036478,1.0142239977389242,-1.0140582497642239,2.2077301764511503e-07,2.3660177399930527e-05,3.37373171525702e-05,6.19765753351072e-06,1.4259114199485783,0.114231,3.8176,3.8373000000000003e-10,242.78,8.31446261815324,128442.45458822857,149057.7842254268,151578.31356811998,1216.7938141357554,1
1111.5,313.15,100000.0,liquid,5964.314845575083,-90.50276208499447,-60.99338410026559,-7.335817947764504 m^-2 kg^-1 s^2 mol K,-1.921578464942504 m^-2 kg^-1 s^2 mol K,-37918.14139496034,-40505.04897866103,-21404.970747662857,-18818.063163962168,0.00016766385174013718,321.4729214639929,282.0818931503711,-0.02252081550244716,-60.975965391231654,-60.95344457572921,-37895.87714986008,-40489.55702778595,5963.262937832571,0.00016769342731069706,1.6055322765158615,0.6228464009269767,-0.622678707499666,-1.5173100109677762e-07,2.4415239985430707e-05,3.428924838421149e-05,6.395442158798907e-06,1.4044198789228735,0.114231,3.8176,3.8373000000000003e-10,242.78,8.31446261815324,91167.12228109276,88563.55627952702,91167.23024840171,953.7004436463875,1
1182.4,313.15,9910000.0,liquid,6065.214673765433,-92.32926966102285,-62.68041032369603,-7.5387205646753195 m^-2 kg^-1 s^2 mol K,-1.9747277254493187 m^-2 kg^-1 s^2 mol K,-38476.516116941304,-39446.28254370302,-19817.912050837607,-18848.145624075896,0.00016487462584389873,320.1585267274527,283.0525942794681,-0.02252081550244716,-60.975965391231654,-60.95344457572921,-37895.87714986008,-40489.55702778595,5963.262937832571,0.00016769342731069706,1.6055322765158615,0.6228464009269767,-0.622678707499666,-1.5173100109677762e-07,2.4415239985430707e-05,3.428924838421149e-05,6.395442158798907e-06,1.4044198789228735,0.114231,3.8176,3.8373000000000003e-10,242.78,8.31446261815324,102399.60353875635,100821.27064103255,103424.94460990724,1011.974631676967,1
1245.1,313.15,19710000.0,liquid,6154.972974758002,-93.97991728567517,-64.20891490422284,-7.722557410268872 m^-2 kg^-1 s^2 mol K,-2.0228828086412594 m^-2 kg^-1 s^2 mol K,-38958.07444945097,-38359.459784267914,-18252.438082010533,-18851.05274719359,0.00016247025033271043,319.35491283477273,283.95084618153345,-0.02252081550244716,-60.975965391231654,-60.95344457572921,-37895.87714986008,-40489.55702778595,5963.262937832571,0.00016769342731069706,1.6055322765158615,0.6228464009269767,-0.622678707499666,-1.5173100109677762e-07,2.4415239985430707e-05,3.428924838421149e-05,6.395442158798907e-06,1.4044198789228735,0.114231,3.8176,3.8373000000000003e-10,242.78,8.31446261815324,111116.22463155205,112451.08237532781,115054.7563442025,1064.3280704591048,1
1301.7,313.15,29520000.0,liquid,6236.3299393754205,-95.49813801591174,-65.61795435370013,-7.892025903205613 m^-2 kg^-1 s^2 mol K,-2.0672741783334065 m^-2 kg^-1 s^2 mol K,-39381.538726878214,-37251.659422117664,-16703.39701625647,-18833.276321017016,0.00016035072065160037,318.8839526307234,284.79556698471237,-0.02252081550244716,-60.975965391231654,-60.95344457572921,-37895.87714986008,-40489.55702778595,5963.262937832571,0.00016769342731069706,1.6055322765158615,0.6228464009269767,-0.622678707499666,-1.5173100109677762e-07,2.4415239985430707e-05,3.428924838421149e-05,6.395442158798907e-06,1.4044198789228735,0.114231,3.8176,3.8373000000000003e-10,242.78,8.31446261815324,117596.11431270927,123598.17472617241,126201.84869504708,1112.2197145319733,1
1353.8,313.15,39330000.0,liquid,6310.914543387343,-96.9093195510507,-66.93028737959003,-8.049863286829739 m^-2 kg^-1 s^2 mol K,-2.108618840850204 m^-2 kg^-1 s^2 mol K,-39758.375350553,-36129.98901666056,-15170.769523741952,-18799.155857634385,0.00015845563953132796,318.64458725252575,285.597380490604,-0.02252081550244716,-60.975965391231654,-60.95344457572921,-37895.87714986008,-40489.55702778595,5963.262937832571,0.00016769342731069706,1.6055322765158615,0.6228464009269767,-0.622678707499666,-1.5173100109677762e-07,2.4415239985430707e-05,3.428924838421149e-05,6.395442158798907e-06,1.4044198789228735,0.114231,3.8176,3.8373000000000003e-10,242.78,8.31446261815324,122021.6282932789,134334.78956630355,136938.46353517822,1156.503360179288,1
1401.9,313.15,49130000.0,liquid,6379.884500542301,-98.23150804739035,-68.16210272065119,-8.198016618876924 m^-2 kg^-1 s^2 mol K,-2.1474268176018767 m^-2 kg^-1 s^2 mol K,-40096.78570437886,-34999.69330423493,-13654.730837263001,-18751.82323740694,0.00015674264948135007,318.573380427332,286.3637612807435,-0.02252081550244716,-60.975965391231654,-60.95344457572921,-37895.87714986008,-40489.55702778595,5963.262937832571,0.00016769342731069706,1.6055322765158615,0.6228464009269767,-0.622678707499666,-1.5173100109677762e-07,2.4415239985430707e-05,3.428924838421149e-05,6.395442158798907e-06,1.4044198789228735,0.114231,3.8176,3.8373000000000003e-10,242.78,8.31446261815324,124539.57826303403,144712.1056846271,147315.77965350178,1197.7835872932205,1
1030.5,333.15,100000.0,liquid,5823.3631909363385,-70.32784648422515,-56.76807628647445,-6.827630226219411 m^-2 kg^-1 s^2 mol K,-1.7884613962226035 m^-2 kg^-1 s^2 mol K,-36489.50834217199,-39242.29935609218,-20330.014741253217,-17577.22372733303,0.00017172207317524532,330.4635857351798,290.2003979011812,-0.04891507805989183,-56.75089083057091,-56.70197575251102,-36445.882826452944,-39192.9823758551,5822.260494362977,0.00017175459616899393,3.8184517821196,0.26188624527946924,-0.26171449068330027,-3.9886617742013186e-07,2.5899838254316638e-05,3.5367280457454395e-05,6.784324773238851e-06,1.3655405918050416,0.114231,3.8176,3.8373000000000003e-10,242.78,8.31446261815324,81227.5138413659,78457.65707811357,81227.6202993513,899.8553008429908,1
1108.5,333.15,9910000.0,liquid,5935.497839783432,-72.25165795601255,-58.53330647950017,-7.03993861872714 m^-2 kg^-1 s^2 mol K,-1.8440744495827588 m^-2 kg^-1 s^2 mol K,-37114.674559139174,-38215.02214450271,-18714.65109085724,-17614.3035054937,0.00016847786436672123,328.61038737829386,291.20426905594763,-0.04891507805989183,-56.75089083057091,-56.70197575251102,-36445.882826452944,-39192.9823758551,5822.260494362977,0.00017175459616899393,3.8184517821196,0.26188624527946924,-0.26171449068330027,-3.9886617742013186e-07,2.5899838254316638e-05,3.5367280457454395e-05,6.784324773238851e-06,1.3655405918050416,0.114231,3.8176,3.8373000000000003e-10,242.78,8.31446261815324,92907.0355030531,91143.44534488802,93913.40856612577,963.1935980215569,1
1176.2,333.15,19710000.0,liquid,6033.663862654408,-73.96275235239308,-60.108014377089766,-7.229332446074621 m^-2 kg^-1 s^2 mol K,-1.8936851545669062 m^-2 kg^-1 s^2 mol K,-37644.47202186291,-37147.763375283204,-17122.77838555575,-17619.487032135454,0.00016573677665233192,327.44931283241806,292.1189136379904,-0.04891507805989183,-56.75089083057091,-56.70197575251102,-36445.882826452944,-39192.9823758551,5822.260494362977,0.00017175459616899393,3.8184517821196,0.26188624527946924,-0.26171449068330027,-3.9886617742013186e-07,2.5899838254316638e-05,3.5367280457454395e-05,6.784324773238851e-06,1.3655405918050416,0.114231,3.8176,3.8373000000000003e-10,242.78,8.31446261815324,102033.30184942445,103115.78872939115,105885.7519506289,1019.3397881191883,1
1236.8,333.15,29520000.0,liquid,6121.608660901029,-75.51802767748043,-61.54297541133933,-7.401918589058362 m^-2 kg^-1 s^2 mol K,-1.9388931760944996 m^-2 kg^-1 s^2 mol K,-38104.25901664611,-36051.96037254348,-15548.91811425579,-17601.216758358416,0.0001633557542459455,326.7166561302004,292.96917205793693,-0.04891507805989183,-56.75089083057091,-56.70197575251102,-36445.882826452944,-39192.9823758551,5822.260494362977,0.00017175459616899393,3.8184517821196,0.26188624527946924,-0.26171449068330027,-3.9886617742013186e-07,2.5899838254316638e-05,3.5367280457454395e-05,6.784324773238851e-06,1.3655405918050416,0.114231,3.8176,3.8373000000000003e-10,242.78,8.31446261815324,108927.34879623077,114552.5185210272,117322.48174226496,1070.2206022615608,1
1291.9,333.15,39330000.0,liquid,6201.514369634591,-76.95027579389006,-62.86739658517729,-7.561209842704305 m^-2 kg^-1 s^2 mol K,-1.9806186721249752 m^-2 kg^-1 s^2 mol K,-38509.15279011285,-34937.11667767533,-13992.84350532352,-17564.87961776104,0.00016125093652873734,326.27160384385763,293.7689778170835,-0.04891507805989183,-56.75089083057091,-56.70197575251102,-36445.882826452944,-39192.9823758551,5822.260494362977,0.00017175459616899393,3.8184517821196,0.26188624527946924,-0.26171449068330027,-3.9886617742013186e-07,2.5899838254316638e-05,3.5367280457454395e-05,6.784324773238851e-06,1.3655405918050416,0.114231,3.8176,3.8373000000000003e-10,242.78,8.31446261815324,113792.9453550858,125543.3754877948,128313.33870903254,1116.9419082849654,1
1342.6,333.15,49130000.0,liquid,6274.88131696033,-78.2820826542086,-64.1014165865787,-7.70962833444268 m^-2 kg^-1 s^2 mol K,-2.019496106046385 m^-2 kg^-1 s^2 mol K,-38869.61269354061,-33809.94575632309,-12454.558820504397,-17514.225757721917,0.00015936556398239875,326.0297202947249,294.52785906391125,-0.04891507805989183,-56.75089083057091,-56.70197575251102,-36445.882826452944,-39192.9823758551,5822.260494362977,0.00017175459616899393,3.8184517821196,0.26188624527946924,-0.26171449068330027,-3.9886617742013186e-07,2.5899838254316638e-05,3.5367280457454395e-05,6.784324773238851e-06,1.3655405918050416,0.114231,3.8176,3.8373000000000003e-10,242.78,8.31446261815324,116788.73495197073,136150.15165237657,138920.1148736143,1160.2617706965582,1
951.6,353.15,100000.0,liquid,5679.618019082643,-50.78763049697301,-52.88882158593052,-6.361063127574428 m^-2 kg^-1 s^2 mol K,-1.6662466281366377 m^-2 kg^-1 s^2 mol K,-35087.96459718725,-38006.61025292389,-19328.922909852532,-16410.277254115892,0.00017606817864161884,340.06753052232347,298.42489434995156,-0.09487240778699593,-52.873055667532924,-52.77818325974593,-35005.90459803026,-37895.70198696419,5678.546907343004,0.00017610138937249718,8.0531348118562,0.12417524645530005,-0.12399914506592756,1.1671363608911633e-07,2.735187432708333e-05,3.641341097944988e-05,7.164677893724678e-06,1.331294906667291,0.114231,3.8176,3.8373000000000003e-10,242.78,8.31446261815324,71656.28948335609,68720.14258651955,71656.39506012037,845.474566843168,1
1037.5,353.15,9910000.0,liquid,5805.219015824651,-52.83810237790712,-54.75742820826518,-6.585804846691052 m^-2 kg^-1 s^2 mol K,-1.7251165252229286 m^-2 kg^-1 s^2 mol K,-35793.68146702705,-37022.84933744819,-17685.26356569934,-16456.095695278203,0.0001722587894227702,337.543321489362,299.4658669123301,-0.09487240778699593,-52.873055667532924,-52.77818325974593,-35005.90459803026,-37895.70198696419,5678.546907343004,0.00017610138937249718,8.0531348118562,0.12417524645530005,-0.12399914506592756,1.1671363608911633e-07,2.735187432708333e-05,3.641341097944988e-05,7.164677893724678e-06,1.331294906667291,0.114231,3.8176,3.8373000000000003e-10,242.78,8.31446261815324,83770.64821942055,81826.86416214751,84763.11663574832,914.5397034505922,1
1110.7,353.15,19710000.0,liquid,5913.115888112635,-54.62851345873401,-56.39472370200004,-6.7827262316233865 m^-2 kg^-1 s^2 mol K,-1.7766990338493782 m^-2 kg^-1 s^2 mol K,-36379.85602693393,-35982.8404954846,-16067.04382012329,-16464.059351572618,0.00016911557610604902,335.9690345817976,300.39693265530025,-0.09487240778699593,-52.873055667532924,-52.77818325974593,-35005.90459803026,-37895.70198696419,5678.546907343004,0.00017610138937249718,8.0531348118562,0.12417524645530005,-0.12399914506592756,1.1671363608911633e-07,2.735187432708333e-05,3.641341097944988e-05,7.164677893724678e-06,1.331294906667291,0.114231,3.8176,3.8373000000000003e-10,242.78,8.31446261815324,93270.64312257784,94118.35530916361,97054.60778276443,974.8054955382759,1
1175.3,353.15,29520000.0,liquid,6008.509896135259,-56.2346512837654,-57.867797990784126,-6.959896345488337 m^-2 kg^-1 s^2 mol K,-1.8231078021501301 m^-2 kg^-1 s^2 mol K,-36881.29317029034,-34904.51387556751,-14468.501015122094,-16445.28030984493,0.0001664306154581207,334.94953948494543,301.2510084486623,-0.09487240778699593,-52.873055667532924,-52.77818325974593,-35005.90459803026,-37895.70198696419,5678.546907343004,0.00017610138937249718,8.0531348118562,0.12417524645530005,-0.12399914506592756,1.1671363608911633e-07,2.735187432708333e-05,3.641341097944988e-05,7.164677893724678e-06,1.331294906667291,0.114231,3.8176,3.8373000000000003e-10,242.78,8.31446261815324,100530.278364607,105814.66814625355,108750.92061985435,1028.8449246412845,1
1233.6,353.15,39330000.0,liquid,6094.335364856303,-57.69904426626515,-59.21426752671189,-7.121839407567656 m^-2 kg^-1 s^2 mol K,-1.8655279252849055 m^-2 kg^-1 s^2 mol K,-37318.0000610428,-33800.718614144,-12889.200037085684,-16406.481483984495,0.000164086801945068,334.2878409363412,302.04625294206437,-0.09487240778699593,-52.873055667532924,-52.77818325974593,-35005.90459803026,-37895.70198696419,5678.546907343004,0.00017610138937249718,8.0531348118562,0.12417524645530005,-0.12399914506592756,1.1671363608911633e-07,2.735187432708333e-05,3.641341097944988e-05,7.164677893724678e-06,1.331294906667291,0.114231,3.8176,3.8373000000000003e-10,242.78,8.31446261815324,105779.0489226236,117026.89690955469,119963.1493831555,1078.0912070589488,1
1286.7,353.15,49130000.0,liquid,6172.5370164542655,-59.049968243410184,-60.459180208196436,-7.271567987592357 m^-2 kg^-1 s^2 mol K,-1.9047485298596911 m^-2 kg^-1 s^2 mol K,-37703.32038036452,-32680.12281437326,-11328.963323848686,-16352.160889839952,0.00016200793892920826,333.87159715913333,302.7946860171741,-0.09487240778699593,-52.873055667532924,-52.77818325974593,-35005.90459803026,-37895.70198696419,5678.546907343004,0.00017610138937249718,8.0531348118562,0.12417524645530005,-0.12399914506592756,1.1671363608911633e-07,2.735187432708333e-05,3.641341097944988e-05,7.164677893724678e-06,1.331294906667291,0.114231,3.8176,3.8373000000000003e-10,242.78,8.31446261815324,109189.32618180537,127829.1627885386,130765.41526213942,1123.492227079415,1
873.5,373.15,100000.0,liquid,5531.317181470504,-31.77727508360168,-49.286526243933615,-5.927806583233018 m^-2 kg^-1 s^2 mol K,-1.5527573824478775 m^-2 kg^-1 s^2 mol K,-33700.761976333575,-36785.22482583469,-18393.95755791086,-15309.49470840975,0.0001807887646273341,350.32716544498334,306.76199713824957,-0.16815890923363958,-49.27462669169981,-49.10646778246617,-33555.422788751675,-36572.14346642686,5530.463435696965,0.00018081667325479337,15.43097330540825,0.06480472619633915,-0.06462390952308435,-8.338247425854206e-09,2.877414638403118e-05,3.743031487124315e-05,7.537234488692157e-06,1.3008314607037619,0.114231,3.8176,3.8373000000000003e-10,242.78,8.31446261815324,62491.080325815325,59388.6439475963,62491.185673560176,790.4119950738572,1
968.7,373.15,9910000.0,liquid,5673.230780559865,-33.98915808116199,-51.287780768144614,-6.168502177899785 m^-2 kg^-1 s^2 mol K,-1.6158063123165822 m^-2 kg^-1 s^2 mol K,-34504.40233699815,-35860.14397967299,-16722.108586039834,-15366.366943364987,0.00017626640598275022,346.9468254528955,307.84840411510277,-0.16815890923363958,-49.27462669169981,-49.10646778246617,-33555.422788751675,-36572.14346642686,5530.463435696965,0.00018081667325479337,15.43097330540825,0.06480472619633915,-0.06462390952308435,-8.338247425854206e-09,2.877414638403118e-05,3.743031487124315e-05,7.537234488692157e-06,1.3008314607037619,0.114231,3.8176,3.8373000000000003e-10,242.78,8.31446261815324,75036.02140119535,72916.9670222165,76019.50874818038,866.0312148073223,1
1047.6,373.15,19710000.0,liquid,5792.424996183192,-35.879121353436695,-53.00486748233363,-6.375020240827874 m^-2 kg^-1 s^2 mol K,-1.66990261966363 m^-2 kg^-1 s^2 mol K,-35156.50090945231,-34856.32270153921,-15077.556400506415,-15377.73460841952,0.0001726392660515986,344.8892855358026,308.79888273669445,-0.16815890923363958,-49.27462669169981,-49.10646778246617,-33555.422788751675,-36572.14346642686,5530.463435696965,0.00018081667325479337,15.43097330540825,0.06480472619633915,-0.06462390952308435,-8.338247425854206e-09,2.877414638403118e-05,3.743031487124315e-05,7.537234488692157e-06,1.3008314607037619,0.114231,3.8176,3.8373000000000003e-10,242.78,8.31446261815324,84878.5318202562,85507.93118359603,88610.4729095599,930.7917578627336,1
1116.3,373.15,29520000.0,liquid,5896.236244739033,-37.54990208146509,-54.52795679848244,-6.558205779821507 m^-2 kg^-1 s^2 mol K,-1.7178870965584416 m^-2 kg^-1 s^2 mol K,-35705.53614935613,-33801.49422183437,-13454.387142480653,-15358.429070002408,0.00016959971725899866,343.55372862993687,309.65755298681887,-0.16815890923363958,-49.27462669169981,-49.10646778246617,-33555.422788751675,-36572.14346642686,5530.463435696965,0.00018081667325479337,15.43097330540825,0.06480472619633915,-0.06462390952308435,-8.338247425854206e-09,2.877414638403118e-05,3.743031487124315e-05,7.537234488692157e-06,1.3008314607037619,0.114231,3.8176,3.8373000000000003e-10,242.78,8.31446261815324,92460.23492893987,97436.83672249217,100539.37844845603,988.1721345540581,1
1177.7,373.15,39330000.0,liquid,5988.627983187904,-39.056927356052725,-55.905707877564424,-6.723911146765354 m^-2 kg^-1 s^2 mol K,-1.7612927354268004 m^-2 kg^-1 s^2 mol K,-36178.10373848388,-32713.19794384497,-11851.98304933181,-15316.888843970712,0.00016698315587599313,342.6634669315988,310.44799826607414,-0.16815890923363958,-49.27462669169981,-49.10646778246617,-33555.422788751675,-36572.14346642686,5530.463435696965,0.00018081667325479337,15.43097330540825,0.06480472619633915,-0.06462390952308435,-8.338247425854206e-09,2.877414638403118e-05,3.743031487124315e-05,7.537234488692157e-06,1.3008314607037619,0.114231,3.8176,3.8373000000000003e-10,242.78,8.31446261815324,98041.37809028068,108840.78217053211,111943.32389649599,1040.0317079547756,1
1233.5,373.15,49130000.0,liquid,6072.121963729575,-40.435622933551784,-57.169283139430654,-6.875884319283736 m^-2 kg^-1 s^2 mol K,-1.8011012990579776 m^-2 kg^-1 s^2 mol K,-36591.235420519224,-31602.701194210276,-10269.983190731726,-15258.517417040677,0.00016468707413541266,342.0692054623092,311.18526490118154,-0.16815890923363958,-49.27462669169981,-49.10646778246617,-33555.422788751675,-36572.14346642686,5530.463435696965,0.00018081667325479337,15.43097330540825,0.06480472619633915,-0.06462390952308435,-8.338247425854206e-09,2.877414638403118e-05,3.743031487124315e-05,7.537234488692157e-06,1.3008314607037619,0.114231,3.8176,3.8373000000000003e-10,242.78,8.31446261815324,101810.03082851524,119808.09494375378,122910.63666971766,1087.5524775423187,1
797.5,393.15,100000.0,liquid,5376.496581996021,-13.205516907665501,-45.90129914205047,-5.52065734733507 m^-2 kg^-1 s^2 mol K,-1.4461068072440983 m^-2 kg^-1 s^2 mol K,-32314.079388428527,-35564.31089431552,-17518.215136618375,-14267.983630731382,0.00018599472439890415,361.31282210884814,315.209913130637,-0.2774218820025115,-45.897842315705496,-45.62042043370298,-32071.770500323015,-35193.757431147045,5376.235106698423,0.00018600377032508642,27.389317509201796,0.03651058481701989,-0.0363245810466948,3.284949343651533e-07,3.016934698802748e-05,3.84203129029748e-05,7.90269986065263e-06,1.2734883827025378,0.114231,3.8176,3.8373000000000003e-10,242.78,8.31446261815324,53755.635910045065,50486.91076171586,53755.7417400428,734.4499292612546,1
903.1,393.15,9910000.0,liquid,5538.441020514707,-15.621552641532501,-48.070594153247775,-5.7815635671142065 m^-2 kg^-1 s^2 mol K,-1.5144498027855737 m^-2 kg^-1 s^2 mol K,-33238.012077222316,-34717.53087125538,-15818.576779906025,-14339.057985872954,0.00018055622444943295,356.8096913592946,316.3543995974816,-0.2774218820025115,-45.897842315705496,-45.62042043370298,-32071.770500323015,-35193.757431147045,5376.235106698423,0.00018600377032508642,27.389317509201796,0.03651058481701989,-0.0363245810466948,3.284949343651533e-07,3.016934698802748e-05,3.84203129029748e-05,7.90269986065263e-06,1.2734883827025378,0.114231,3.8176,3.8373000000000003e-10,242.78,8.31446261815324,66734.78080530731,64445.39419534632,67714.22517367326,817.6724192732433,1
988.3,393.15,19710000.0,liquid,5670.807271983272,-17.633305889896643,-49.88597287573222,-5.999903441361867 m^-2 kg^-1 s^2 mol K,-1.5716427706836407 m^-2 kg^-1 s^2 mol K,-33967.277169211266,-33760.4125270262,-14147.742290932081,-14354.606933117144,0.00017634173620050862,354.18039079335523,317.32955106953386,-0.2774218820025115,-45.897842315705496,-45.62042043370298,-32071.770500323015,-35193.757431147045,5376.235106698423,0.00018600377032508642,27.389317509201796,0.03651058481701989,-0.0363245810466948,3.284949343651533e-07,3.016934698802748e-05,3.84203129029748e-05,7.90269986065263e-06,1.2734883827025378,0.114231,3.8176,3.8373000000000003e-10,242.78,8.31446261815324,76891.65711978852,77318.47762253918,80587.30860086613,887.3569072993622,1
1061.4,393.15,29520000.0,liquid,5784.12963616457,-19.38271262578354,-51.47086621306235,-6.1905222955340875 m^-2 kg^-1 s^2 mol K,-1.6215743649240588 m^-2 kg^-1 s^2 mol K,-34570.522262045495,-32735.733187420974,-12499.962135755513,-14334.751210380029,0.0001728868581623104,352.4950151946982,318.1953025171602,-0.2774218820025115,-45.897842315705496,-45.62042043370298,-32071.770500323015,-35193.757431147045,5376.235106698423,0.00018600377032508642,27.389317509201796,0.03651058481701989,-0.0363245810466948,3.284949343651533e-07,3.016934698802748e-05,3.84203129029748e-05,7.90269986065263e-06,1.2734883827025378,0.114231,3.8176,3.8373000000000003e-10,242.78,8.31446261815324,84755.22684611537,89454.6688735159,92723.49985184283,948.2711250504882,1
1125.9,393.15,39330000.0,liquid,5883.788281530289,-20.94240673738089,-52.88852500387415,-6.361027456952046 m^-2 kg^-1 s^2 mol K,-1.6662372844069693 m^-2 kg^-1 s^2 mol K,-35083.27134387821,-31667.63338516673,-10874.509779893613,-14290.14773860509,0.00016995852878307755,351.36345393429286,318.9822360730886,-0.2774218820025115,-45.897842315705496,-45.62042043370298,-32071.770500323015,-35193.757431147045,5376.235106698423,0.00018600377032508642,27.389317509201796,0.03651058481701989,-0.0363245810466948,3.284949343651533e-07,3.016934698802748e-05,3.84203129029748e-05,7.90269986065263e-06,1.2734883827025378,0.114231,3.8176,3.8373000000000003e-10,242.78,8.31446261815324,90622.32165205613,101022.63577987987,104291.46675820682,1002.8302899100418,1
1184.2,393.15,49130000.0,liquid,5973.05452654986,-22.356811179872274,-54.177733406807775,-6.5160835877137435 m^-2 kg^-1 s^2 mol K,-1.7068534125402723 m^-2 kg^-1 s^2 mol K,-35527.2725022995,-30570.831171187387,-9270.855282300916,-14227.296613413026,0.00016741852858618005,350.5877159311259,319.7090723248319,-0.2774218820025115,-45.897842315705496,-45.62042043370298,-32071.770500323015,-35193.757431147045,5376.235106698423,0.00018600377032508642,27.389317509201796,0.03651058481701989,-0.0363245810466948,3.284949343651533e-07,3.016934698802748e-05,3.84203129029748e-05,7.90269986065263e-06,1.2734883827025378,0.114231,3.8176,3.8373000000000003e-10,242.78,8.31446261815324,94698.70872118845,112126.91133468464,115395.7423130116,1052.504037687212,1
839.4,413.15,9910000.0,liquid,5399.77584517343,2.3350778034623882,-45.06112381591001,-5.419607482211366 m^-2 kg^-1 s^2 mol K,-1.419637332934662 m^-2 kg^-1 s^2 mol K,-31985.994768722037,-33585.85363224662,-14968.850327703389,-13368.991464178816,0.00018519287256967275,367.1232788702911,324.98105635102405,-0.43230100151243084,-42.692371859019225,-42.2600708575068,-30529.642984779646,-33728.60581805537,5213.856668075594,0.00019179660348605143,45.74295560771842,0.021861289606552346,-0.021669493003066295,1.4260876923799515e-08,3.1539457656685224e-05,3.938543405581024e-05,8.261593057597764e-06,1.248767004319808,0.114231,3.8176,3.8373000000000003e-10,242.78,8.31446261815324,58889.459617879096,56434.8536223876,59869.97385307761,769.466086780696,1
931.5,413.15,19710000.0,liquid,5547.578218981837,0.17655256440320957,-46.99512503179231,-5.652214363101027 m^-2 kg^-1 s^2 mol K,-1.4805674672833788 m^-2 kg^-1 s^2 mol K,-32805.732232616974,-32687.950778647675,-13271.914871762687,-13389.696325731982,0.00018025883737490282,363.81004409573393,325.98792300119936,-0.43230100151243084,-42.692371859019225,-42.2600708575068,-30529.642984779646,-33728.60581805537,5213.856668075594,0.00019179660348605143,45.74295560771842,0.021861289606552346,-0.021669493003066295,1.4260876923799515e-08,3.1539457656685224e-05,3.938543405581024e-05,8.261593057597764e-06,1.248767004319808,0.114231,3.8176,3.8373000000000003e-10,242.78,8.31446261815324,69334.11492878302,69573.71626040623,73008.83649109624,844.5635058359618,1
1008.9,413.15,29520000.0,liquid,5671.650647283317,-1.6658665069601843,-48.65363883890492,-5.851687724553337 m^-2 kg^-1 s^2 mol K,-1.5328184525757904 m^-2 kg^-1 s^2 mol K,-33470.50751469528,-31700.793767442752,-11599.542881149182,-13369.256628401718,0.00017631551415794506,361.73639193232333,326.86435512721715,-0.43230100151243084,-42.692371859019225,-42.2600708575068,-30529.642984779646,-33728.60581805537,5213.856668075594,0.00019179660348605143,45.74295560771842,0.021861289606552346,-0.021669493003066295,1.4260876923799515e-08,3.1539457656685224e-05,3.938543405581024e-05,8.261593057597764e-06,1.248767004319808,0.114231,3.8176,3.8373000000000003e-10,242.78,8.31446261815324,77441.21803300467,81892.3710383765,85327.49126906651,909.2112880494673,1
1076.6,413.15,39330000.0,liquid,5779.3351935667015,-3.287914847937174,-50.119304918759,-6.027966835683627 m^-2 kg^-1 s^2 mol K,-1.5789938274527524 m^-2 kg^-1 s^2 mol K,-34028.008731065354,-30657.847959231003,-9951.057132045718,-13321.217903880075,0.00017303028229149185,360.35035036272336,327.6499964821399,-0.43230100151243084,-42.692371859019225,-42.2600708575068,-30529.642984779646,-33728.60581805537,5213.856668075594,0.00019179660348605143,45.74295560771842,0.021861289606552346,-0.021669493003066295,1.4260876923799515e-08,3.1539457656685224e-05,3.938543405581024e-05,8.261593057597764e-06,1.248767004319808,0.114231,3.8176,3.8373000000000003e-10,242.78,8.31446261815324,83550.87039698784,93597.62166225312,97032.74189294313,966.5505069532467,1
1137.2,413.15,49130000.0,liquid,5874.876395323096,-4.745338200600157,-51.4404013236871,-6.186858211542809 m^-2 kg^-1 s^2 mol K,-1.6206145776254215 m^-2 kg^-1 s^2 mol K,-34506.00941889647,-29578.400513853227,-8325.798706971902,-13253.407612015146,0.0001702163471551649,359.3901834173727,328.36801760386544,-0.43230100151243084,-42.692371859019225,-42.2600708575068,-30529.642984779646,-33728.60581805537,5213.856668075594,0.00019179660348605143,45.74295560771842,0.021861289606552346,-0.021669493003066295,1.4260876923799515e-08,3.1539457656685224e-05,3.938543405581024e-05,8.261593057597764e-06,1.248767004319808,0.114231,3.8176,3.8373000000000003e-10,242.78,8.31446261815324,87888.48037645163,104812.25121828573,108247.37144897574,1018.4022963597952,1
777.4,433.15,9910000.0,liquid,5256.1448680020185,19.94080679035447,-42.22187879272169,-5.078124796729168 m^-2 kg^-1 s^2 mol K,-1.3301877610879003 m^-2 kg^-1 s^2 mol K,-30740.099421920655,-32456.096640116,-14167.6898410486,-12451.692622853254,0.0001902535080582973,377.88363743056317,333.7225430893081,-0.6439636521593293,-39.61282582034167,-38.96886216818234,-28899.958316214113,-32140.165331833738,5040.93194805084,0.00019837601663848418,72.81292336869478,0.013733825723991469,-0.013535449707352985,-1.1915108188986778e-07,3.2885711240033206e-05,4.032746443760954e-05,8.614237018030491e-06,1.2262913866529717,0.114231,3.8176,3.8373000000000003e-10,242.78,8.31446261815324,51516.815983327404,48902.45877111535,52503.86825416843,721.4229146519274,1
877.7,433.15,19710000.0,liquid,5422.139310855331,17.60690802151587,-44.297259291452235,-5.327735696921238 m^-2 kg^-1 s^2 mol K,-1.39557200778532 m^-2 kg^-1 s^2 mol K,-31666.141386048435,-31632.454301121474,-12445.096439028937,-12478.7835239559,0.00018442904961847099,373.7442192979817,334.76961086955345,-0.6439636521593293,-39.61282582034167,-38.96886216818234,-28899.958316214113,-32140.165331833738,5040.93194805084,0.00019837601663848418,72.81292336869478,0.013733825723991469,-0.013535449707352985,-1.1915108188986778e-07,3.2885711240033206e-05,4.032746443760954e-05,8.614237018030491e-06,1.2262913866529717,0.114231,3.8176,3.8373000000000003e-10,242.78,8.31446261815324,62222.71226258913,62290.40153676436,65891.81101981744,802.4869174998685,1
959.7,433.15,29520000.0,liquid,5558.364312311386,15.656526566725441,-46.04133039201894,-5.5374992355483545 m^-2 kg^-1 s^2 mol K,-1.450518450216983 m^-2 kg^-1 s^2 mol K,-32400.51246888572,-30691.007024211707,-10748.204764908702,-12457.71020958272,0.00017990904226717746,371.23942663169146,335.66097057847986,-0.6439636521593293,-39.61282582034167,-38.96886216818234,-28899.958316214113,-32140.165331833738,5040.93194805084,0.00019837601663848418,72.81292336869478,0.013733825723991469,-0.013535449707352985,-1.1915108188986778e-07,3.2885711240033206e-05,4.032746443760954e-05,8.614237018030491e-06,1.2262913866529717,0.114231,3.8176,3.8373000000000003e-10,242.78,8.31446261815324,70535.60711348173,74766.08053690757,78367.49001996065,871.069089745277,1
1030.6,433.15,39330000.0,liquid,5674.893814335333,13.962733375067067,-47.56261531685804,-5.72046775614975 m^-2 kg^-1 s^2 mol K,-1.4984460802990753 m^-2 kg^-1 s^2 mol K,-33007.55213783226,-29678.435467136194,-9076.688642639134,-12405.805313335195,0.00017621475092166532,369.58595138661605,336.44802069970575,-0.6439636521593293,-39.61282582034167,-38.96886216818234,-28899.958316214113,-32140.165331833738,5040.93194805084,0.00019837601663848418,72.81292336869478,0.013733825723991469,-0.013535449707352985,-1.1915108188986778e-07,3.2885711240033206e-05,4.032746443760954e-05,8.614237018030491e-06,1.2262913866529717,0.114231,3.8176,3.8373000000000003e-10,242.78,8.31446261815324,76846.36804558612,86582.01256703402,90183.4220500871,931.2581884081759,1
1093.6,433.15,49130000.0,liquid,5777.23383249827,12.455553341835419,-48.92118979256464,-5.883866707843919 m^-2 kg^-1 s^2 mol K,-1.541247565969174 m^-2 kg^-1 s^2 mol K,-33522.71368811996,-28620.053330061117,-7429.839971411741,-12332.500329470586,0.00017309321882987838,368.4393658382191,337.1592950134956,-0.6439636521593293,-39.61282582034167,-38.96886216818234,-28899.958316214113,-32140.165331833738,5040.93194805084,0.00019837601663848418,72.81292336869478,0.013733825723991469,-0.013535449707352985,-1.1915108188986778e-07,3.2885711240033206e-05,4.032746443760954e-05,8.614237018030491e-06,1.2262913866529717,0.114231,3.8176,3.8373000000000003e-10,242.78,8.31446261815324,81401.79268351223,97881.18884136647,101482.59832441955,985.301727614257,1
