,viscosity,temperature,pressure,state,refno,rho,s_total,s_res,s_res*,s_res**,E_res,H_res,G_res,A_res,V,s_res_vle_gas,s_res_vle_liq,s_vap,dE_vap,dH_vap,rho_vap_liq,V_vap_liq,rho_vap_gas,V_vap_gas,dV_vap,dpressure,eta_CE,eta_CE_ig,eta_CE_m,omega22,M,m,sigma,epsilon,R,success
0,0.0008916,298.15,100000.0,L,67423,57247.012502844125,-117.25003939681578,-56.90534821978182,-6.844140244919558 m^-2 kg^-1 s^2 mol K,-2.888456642351722 m^-2 kg^-1 s^2 mol K,-41033.72166192922,-43510.931875486065,-26544.60230375812,-24067.39209020128,1.746816045554025e-05,-0.22669073011356275,-56.904073953651476,-56.677383223537916,-40954.64637759784,-43422.54334519173,57245.66953391292,1.7468570254167257e-05,1.290943034255283,0.7746275191584099,-0.7746100505881557,7.463058864232153e-07,3.0139880554663406e-05,4.2292158191384906e-05,1.2720040074051442e-05,1.4031959454743503,0.018011,2.36948,2.1507200000000003e-10,230.71557,8.31446261815324,1
1,0.0008916,298.15,100000.0,L,67423,57247.012502844125,-117.25003939681578,-56.90534821978182,-6.844140244919558 m^-2 kg^-1 s^2 mol K,-2.888456642351722 m^-2 kg^-1 s^2 mol K,-41033.72166192922,-43510.931875486065,-26544.60230375812,-24067.39209020128,1.746816045554025e-05,-0.22669073011356275,-56.904073953651476,-56.677383223537916,-40954.64637759784,-43422.54334519173,57245.66953391292,1.7468570254167257e-05,1.290943034255283,0.7746275191584099,-0.7746100505881557,7.463058864232153e-07,3.0139880554663406e-05,4.2292158191384906e-05,1.2720040074051442e-05,1.4031959454743503,0.018011,2.36948,2.1507200000000003e-10,230.71557,8.31446261815324,1
2,0.0008927000000000001,298.15,100000.0,L,67423,57247.012502844125,-117.25003939681578,-56.90534821978182,-6.844140244919558 m^-2 kg^-1 s^2 mol K,-2.888456642351722 m^-2 kg^-1 s^2 mol K,-41033.72166192922,-43510.931875486065,-26544.60230375812,-24067.39209020128,1.746816045554025e-05,-0.22669073011356275,-56.904073953651476,-56.677383223537916,-40954.64637759784,-43422.54334519173,57245.66953391292,1.7468570254167257e-05,1.290943034255283,0.7746275191584099,-0.7746100505881557,7.463058864232153e-07,3.0139880554663406e-05,4.2292158191384906e-05,1.2720040074051442e-05,1.4031959454743503,0.018011,2.36948,2.1507200000000003e-10,230.71557,8.31446261815324,1
3,0.0008927000000000001,298.15,100000.0,L,67423,57247.012502844125,-117.25003939681578,-56.90534821978182,-6.844140244919558 m^-2 kg^-1 s^2 mol K,-2.888456642351722 m^-2 kg^-1 s^2 mol K,-41033.72166192922,-43510.931875486065,-26544.60230375812,-24067.39209020128,1.746816045554025e-05,-0.22669073011356275,-56.904073953651476,-56.677383223537916,-40954.64637759784,-43422.54334519173,57245.66953391292,1.7468570254167257e-05,1.290943034255283,0.7746275191584099,-0.7746100505881557,7.463058864232153e-07,3.0139880554663406e-05,4.2292158191384906e-05,1.2720040074051442e-05,1.4031959454743503,0.018011,2.36948,2.1507200000000003e-10,230.71557,8.31446261815324,1
4,0.0008928,298.15,100000.0,L,67423,57247.012502844125,-117.25003939681578,-56.90534821978182,-6.844140244919558 m^-2 kg^-1 s^2 mol K,-2.888456642351722 m^-2 kg^-1 s^2 mol K,-41033.72166192922,-43510.931875486065,-26544.60230375812,-24067.39209020128,1.746816045554025e-05,-0.22669073011356275,-56.904073953651476,-56.677383223537916,-40954.64637759784,-43422.54334519173,57245.66953391292,1.7468570254167257e-05,1.290943034255283,0.7746275191584099,-0.7746100505881557,7.463058864232153e-07,3.0139880554663406e-05,4.2292158191384906e-05,1.2720040074051442e-05,1.4031959454743503,0.018011,2.36948,2.1507200000000003e-10,230.71557,8.31446261815324,1
5,0.0008881000000000001,298.15,31000000.0,L,67423,57664.00328588703,-117.70824910926655,-57.30321437905021,-6.891992544886571 m^-2 kg^-1 s^2 mol K,-2.9086519172504395 m^-2 kg^-1 s^2 mol K,-41168.3950539687,-43109.75499988775,-26024.80163277393,-24083.441686854872,1.7341841409140335e-05,-0.22669073011356275,-56.904073953651476,-56.677383223537916,-40954.64637759784,-43422.54334519173,57245.66953391292,1.7468570254167257e-05,1.290943034255283,0.7746275191584099,-0.7746100505881557,7.463058864232153e-07,3.0139880554663406e-05,4.2292158191384906e-05,1.2720040074051442e-05,1.4031959454743503,0.018011,2.36948,2.1507200000000003e-10,230.71557,8.31446261815324,1
6,0.0008881000000000001,298.15,61000000.0,L,67423,58048.439727957935,-118.13425384363839,-57.67397191434824,-6.936584426806702 m^-2 kg^-1 s^2 mol K,-2.9274711864234777 m^-2 kg^-1 s^2 mol K,-41290.14319912892,-42718.25372388343,-25522.758997620487,-24094.648472865985,1.722699188275286e-05,-0.22669073011356275,-56.904073953651476,-56.677383223537916,-40954.64637759784,-43422.54334519173,57245.66953391292,1.7468570254167257e-05,1.290943034255283,0.7746275191584099,-0.7746100505881557,7.463058864232153e-07,3.0139880554663406e-05,4.2292158191384906e-05,1.2720040074051442e-05,1.4031959454743503,0.018011,2.36948,2.1507200000000003e-10,230.71557,8.31446261815324,1
7,0.0008913,298.15,90900000.0,L,67423,58413.857553695525,-118.54243340016875,-58.02997556685732,-6.9794018244977805 m^-2 kg^-1 s^2 mol K,-2.9455415637598885 m^-2 kg^-1 s^2 mol K,-41403.67273032809,-42326.49216164839,-25024.854946389896,-24102.035515069587,1.711922550365338e-05,-0.22669073011356275,-56.904073953651476,-56.677383223537916,-40954.64637759784,-43422.54334519173,57245.66953391292,1.7468570254167257e-05,1.290943034255283,0.7746275191584099,-0.7746100505881557,7.463058864232153e-07,3.0139880554663406e-05,4.2292158191384906e-05,1.2720040074051442e-05,1.4031959454743503,0.018011,2.36948,2.1507200000000003e-10,230.71557,8.31446261815324,1
8,0.0008979000000000001,298.15,120700000.0,L,67423,58762.28433088966,-118.93465316172333,-58.372748574049595,-7.020627941317873 m^-2 kg^-1 s^2 mol K,-2.9629403672189145 m^-2 kg^-1 s^2 mol K,-41509.88737885279,-41934.805812536484,-24530.9708251836,-24106.0523914999,1.7017718276046127e-05,-0.22669073011356275,-56.904073953651476,-56.677383223537916,-40954.64637759784,-43422.54334519173,57245.66953391292,1.7468570254167257e-05,1.290943034255283,0.7746275191584099,-0.7746100505881557,7.463058864232153e-07,3.0139880554663406e-05,4.2292158191384906e-05,1.2720040074051442e-05,1.4031959454743503,0.018011,2.36948,2.1507200000000003e-10,230.71557,8.31446261815324,1
9,0.000907,298.15,150600000.0,L,67423,59097.61969189681,-119.31498412774569,-58.705766743234506,-7.060680820797759 m^-2 kg^-1 s^2 mol K,-2.9798440251860154 m^-2 kg^-1 s^2 mol K,-41610.19677019844,-41540.827813320364,-24037.703458824995,-24107.07241570307,1.6921155288714873e-05,-0.22669073011356275,-56.904073953651476,-56.677383223537916,-40954.64637759784,-43422.54334519173,57245.66953391292,1.7468570254167257e-05,1.290943034255283,0.7746275191584099,-0.7746100505881557,7.463058864232153e-07,3.0139880554663406e-05,4.2292158191384906e-05,1.2720040074051442e-05,1.4031959454743503,0.018011,2.36948,2.1507200000000003e-10,230.71557,8.31446261815324,1
10,0.0009191000000000001,298.15,180600000.0,L,67423,59421.0592783744,-119.68452994295788,-59.02993181255191,-7.099668917107151 m^-2 kg^-1 s^2 mol K,-2.9962983089568818 m^-2 kg^-1 s^2 mol K,-41705.13564495157,-41144.76617662117,-23544.992006708817,-24105.361475039223,1.6829050376150704e-05,-0.22669073011356275,-56.904073953651476,-56.677383223537916,-40954.64637759784,-43422.54334519173,57245.66953391292,1.7468570254167257e-05,1.290943034255283,0.7746275191584099,-0.7746100505881557,7.463058864232153e-07,3.0139880554663406e-05,4.2292158191384906e-05,1.2720040074051442e-05,1.4031959454743503,0.018011,2.36948,2.1507200000000003e-10,230.71557,8.31446261815324,1
11,0.0009326,298.15,210600000.0,L,67423,59732.61427953878,-120.04306648997564,-59.34498806665457,-7.137561474759018 m^-2 kg^-1 s^2 mol K,-3.0122902386848667 m^-2 kg^-1 s^2 mol K,-41794.874348471676,-40748.11929364347,-23054.41110157041,-24101.166156398616,1.674127295551079e-05,-0.22669073011356275,-56.904073953651476,-56.677383223537916,-40954.64637759784,-43422.54334519173,57245.66953391292,1.7468570254167257e-05,1.290943034255283,0.7746275191584099,-0.7746100505881557,7.463058864232153e-07,3.0139880554663406e-05,4.2292158191384906e-05,1.2720040074051442e-05,1.4031959454743503,0.018011,2.36948,2.1507200000000003e-10,230.71557,8.31446261815324,1
12,0.0009477999999999999,298.15,240600000.0,L,67423,60033.28529309882,-120.39152114804979,-59.65169589756831,-7.17444994789306 m^-2 kg^-1 s^2 mol K,-3.027858411083048 m^-2 kg^-1 s^2 mol K,-41879.85957799495,-40351.03994128087,-22565.88680942088,-24094.706446134955,1.6657425878289485e-05,-0.22669073011356275,-56.904073953651476,-56.677383223537916,-40954.64637759784,-43422.54334519173,57245.66953391292,1.7468570254167257e-05,1.290943034255283,0.7746275191584099,-0.7746100505881557,7.463058864232153e-07,3.0139880554663406e-05,4.2292158191384906e-05,1.2720040074051442e-05,1.4031959454743503,0.018011,2.36948,2.1507200000000003e-10,230.71557,8.31446261815324,1
13,0.0009649,298.15,270100000.0,L,67423,60319.178405326755,-120.72512306695963,-59.945796305790765,-7.209822096609002 m^-2 kg^-1 s^2 mol K,-3.0427866437399778 m^-2 kg^-1 s^2 mol K,-41959.1710774931,-39960.281970249736,-22087.442801678233,-24086.331908921587,1.6578475145670926e-05,-0.22669073011356275,-56.904073953651476,-56.677383223537916,-40954.64637759784,-43422.54334519173,57245.66953391292,1.7468570254167257e-05,1.290943034255283,0.7746275191584099,-0.7746100505881557,7.463058864232153e-07,3.0139880554663406e-05,4.2292158191384906e-05,1.2720040074051442e-05,1.4031959454743503,0.018011,2.36948,2.1507200000000003e-10,230.71557,8.31446261815324,1
14,0.000983,298.15,299700000.0,L,67423,60597.044957681326,-121.05152756599479,-60.233987320068586,-7.244483508598347 m^-2 kg^-1 s^2 mol K,-3.05741492166988 m^-2 kg^-1 s^2 mol K,-42034.83797941855,-39568.00928284736,-21609.245963368907,-24076.0746599401,1.650245487545411e-05,-0.22669073011356275,-56.904073953651476,-56.677383223537916,-40954.64637759784,-43422.54334519173,57245.66953391292,1.7468570254167257e-05,1.290943034255283,0.7746275191584099,-0.7746100505881557,7.463058864232153e-07,3.0139880554663406e-05,4.2292158191384906e-05,1.2720040074051442e-05,1.4031959454743503,0.018011,2.36948,2.1507200000000003e-10,230.71557,8.31446261815324,1
15,0.0010018,298.15,329200000.0,L,67423,60865.65463314113,-121.36913196383428,-60.514817485921164,-7.278259614012476 m^-2 kg^-1 s^2 mol K,-3.071669570543949 m^-2 kg^-1 s^2 mol K,-42106.63790982912,-39176.961745815046,-21134.468912387656,-24064.145076401725,1.6429626955092397e-05,-0.22669073011356275,-56.904073953651476,-56.677383223537916,-40954.64637759784,-43422.54334519173,57245.66953391292,1.7468570254167257e-05,1.290943034255283,0.7746275191584099,-0.7746100505881557,7.463058864232153e-07,3.0139880554663406e-05,4.2292158191384906e-05,1.2720040074051442e-05,1.4031959454743503,0.018011,2.36948,2.1507200000000003e-10,230.71557,8.31446261815324,1
16,0.0010222,298.15,358500000.0,L,67423,61124.79127208329,-121.67750638711185,-60.78786807506948,-7.311100051415148 m^-2 kg^-1 s^2 mol K,-3.0855293361476566 m^-2 kg^-1 s^2 mol K,-42174.635875559434,-38788.542202506396,-20664.63933592443,-24050.73300897747,1.635997406598453e-05,-0.22669073011356275,-56.904073953651476,-56.677383223537916,-40954.64637759784,-43422.54334519173,57245.66953391292,1.7468570254167257e-05,1.290943034255283,0.7746275191584099,-0.7746100505881557,7.463058864232153e-07,3.0139880554663406e-05,4.2292158191384906e-05,1.2720040074051442e-05,1.4031959454743503,0.018011,2.36948,2.1507200000000003e-10,230.71557,8.31446261815324,1
17,0.0010422,298.15,384300000.0,L,67423,61347.06145866212,-121.94358080726418,-61.02376316592702,-7.339471709535602 m^-2 kg^-1 s^2 mol K,-3.097503127072439 m^-2 kg^-1 s^2 mol K,-42231.95530365419,-38446.55360339375,-20252.31861547261,-24037.72031573305,1.6300699271045548e-05,-0.22669073011356275,-56.904073953651476,-56.677383223537916,-40954.64637759784,-43422.54334519173,57245.66953391292,1.7468570254167257e-05,1.290943034255283,0.7746275191584099,-0.7746100505881557,7.463058864232153e-07,3.0139880554663406e-05,4.2292158191384906e-05,1.2720040074051442e-05,1.4031959454743503,0.018011,2.36948,2.1507200000000003e-10,230.71557,8.31446261815324,1
18,0.001313,283.15,100000.0,L,67423,57996.2732686155,-119.84891016030662,-59.07466065792893,-7.105048560678988 m^-2 kg^-1 s^2 mol K,-2.998568698903974 m^-2 kg^-1 s^2 mol K,-41695.47112887725,-44047.98697048639,-27320.9968051938,-24968.480963584676,1.7242487208934972e-05,-0.14657787386193824,-59.07337165591523,-58.926793782053295,-41647.223378756695,-43995.13119483346,57994.97768651808,1.7242872398457133e-05,0.5314009171539544,1.8818183554438348,-1.8818011125714365,2.3034615423966898e-06,2.866748919211236e-05,4.1214565350958955e-05,1.209864155515656e-05,1.4376761450841962,0.018011,2.36948,2.1507200000000003e-10,230.71557,8.31446261815324,1
19,0.0013100000000000002,283.15,100000.0,L,67423,57996.2732686155,-119.84891016030662,-59.07466065792893,-7.105048560678988 m^-2 kg^-1 s^2 mol K,-2.998568698903974 m^-2 kg^-1 s^2 mol K,-41695.47112887725,-44047.98697048639,-27320.9968051938,-24968.480963584676,1.7242487208934972e-05,-0.14657787386193824,-59.07337165591523,-58.926793782053295,-41647.223378756695,-43995.13119483346,57994.97768651808,1.7242872398457133e-05,0.5314009171539544,1.8818183554438348,-1.8818011125714365,2.3034615423966898e-06,2.866748919211236e-05,4.1214565350958955e-05,1.209864155515656e-05,1.4376761450841962,0.018011,2.36948,2.1507200000000003e-10,230.71557,8.31446261815324,1
20,0.0013100000000000002,283.15,100000.0,L,67423,57996.2732686155,-119.84891016030662,-59.07466065792893,-7.105048560678988 m^-2 kg^-1 s^2 mol K,-2.998568698903974 m^-2 kg^-1 s^2 mol K,-41695.47112887725,-44047.98697048639,-27320.9968051938,-24968.480963584676,1.7242487208934972e-05,-0.14657787386193824,-59.07337165591523,-58.926793782053295,-41647.223378756695,-43995.13119483346,57994.97768651808,1.7242872398457133e-05,0.5314009171539544,1.8818183554438348,-1.8818011125714365,2.3034615423966898e-06,2.866748919211236e-05,4.1214565350958955e-05,1.209864155515656e-05,1.4376761450841962,0.018011,2.36948,2.1507200000000003e-10,230.71557,8.31446261815324,1
21,0.0013100000000000002,283.15,500000.0,L,67423,58001.518851785775,-119.85488157201377,-59.07988008626793,-7.105676313617296 m^-2 kg^-1 s^2 mol K,-2.9988336316902005 m^-2 kg^-1 s^2 mol K,-41697.161466330275,-44042.78109275016,-27314.313046323394,-24968.693419903517,1.724092782044813e-05,-0.14657787386193824,-59.07337165591523,-58.926793782053295,-41647.223378756695,-43995.13119483346,57994.97768651808,1.7242872398457133e-05,0.5314009171539544,1.8818183554438348,-1.8818011125714365,2.3034615423966898e-06,2.866748919211236e-05,4.1214565350958955e-05,1.209864155515656e-05,1.4376761450841962,0.018011,2.36948,2.1507200000000003e-10,230.71557,8.31446261815324,1
22,0.00128,283.15,30700000.0,L,67423,58387.68460243285,-120.29645500451461,-59.466280489232055,-7.152149600071249 m^-2 kg^-1 s^2 mol K,-3.0184469166531263 m^-2 kg^-1 s^2 mol K,-41820.432136342206,-43648.87641529463,-26810.999094768573,-24982.55481581615,1.712689939340963e-05,-0.14657787386193824,-59.07337165591523,-58.926793782053295,-41647.223378756695,-43995.13119483346,57994.97768651808,1.7242872398457133e-05,0.5314009171539544,1.8818183554438348,-1.8818011125714365,2.3034615423966898e-06,2.866748919211236e-05,4.1214565350958955e-05,1.209864155515656e-05,1.4376761450841962,0.018011,2.36948,2.1507200000000003e-10,230.71557,8.31446261815324,1
23,0.001264,283.15,60700000.0,L,67423,58753.45012326801,-120.71835329722846,-59.8362558832907,-7.196647412022544 m^-2 kg^-1 s^2 mol K,-3.0372264851454935 m^-2 kg^-1 s^2 mol K,-41935.03555278509,-43256.144824879906,-26313.508971526146,-24992.399699431327,1.702027707142209e-05,-0.14657787386193824,-59.07337165591523,-58.926793782053295,-41647.223378756695,-43995.13119483346,57994.97768651808,1.7242872398457133e-05,0.5314009171539544,1.8818183554438348,-1.8818011125714365,2.3034615423966898e-06,2.866748919211236e-05,4.1214565350958955e-05,1.209864155515656e-05,1.4376761450841962,0.018011,2.36948,2.1507200000000003e-10,230.71557,8.31446261815324,1
24,0.0012569999999999999,283.15,90700000.0,L,67423,59103.31856741561,-121.12532215983605,-60.19386013701549,-7.239657317791321 m^-2 kg^-1 s^2 mol K,-3.055378107344785 m^-2 kg^-1 s^2 mol K,-42042.65558833506,-42862.294877924265,-25818.403380128315,-24998.764090539116,1.691952371268899e-05,-0.14657787386193824,-59.07337165591523,-58.926793782053295,-41647.223378756695,-43995.13119483346,57994.97768651808,1.7242872398457133e-05,0.5314009171539544,1.8818183554438348,-1.8818011125714365,2.3034615423966898e-06,2.866748919211236e-05,4.1214565350958955e-05,1.209864155515656e-05,1.4376761450841962,0.018011,2.36948,2.1507200000000003e-10,230.71557,8.31446261815324,1
25,0.0012569999999999999,283.15,120800000.0,L,67423,59439.967996665066,-121.52013606636554,-60.541449663306445,-7.2814627287065194 m^-2 kg^-1 s^2 mol K,-3.0730213923335583 m^-2 kg^-1 s^2 mol K,-42144.32595803708,-42466.26347366226,-25323.95200149704,-25002.014485871863,1.6823696810471128e-05,-0.14657787386193824,-59.07337165591523,-58.926793782053295,-41647.223378756695,-43995.13119483346,57994.97768651808,1.7242872398457133e-05,0.5314009171539544,1.8818183554438348,-1.8818011125714365,2.3034615423966898e-06,2.866748919211236e-05,4.1214565350958955e-05,1.209864155515656e-05,1.4376761450841962,0.018011,2.36948,2.1507200000000003e-10,230.71557,8.31446261815324,1
26,0.001263,283.15,150800000.0,L,67423,59762.509226047434,-121.90143819668653,-60.87775669617898,-7.32191116756753 m^-2 kg^-1 s^2 mol K,-3.090091989621153 m^-2 kg^-1 s^2 mol K,-42239.9723981503,-42070.89139716531,-24833.35458864223,-25002.43558962723,1.6732898483522024e-05,-0.14657787386193824,-59.07337165591523,-58.926793782053295,-41647.223378756695,-43995.13119483346,57994.97768651808,1.7242872398457133e-05,0.5314009171539544,1.8818183554438348,-1.8818011125714365,2.3034615423966898e-06,2.866748919211236e-05,4.1214565350958955e-05,1.209864155515656e-05,1.4376761450841962,0.018011,2.36948,2.1507200000000003e-10,230.71557,8.31446261815324,1
27,0.0012749999999999999,283.15,180800000.0,L,67423,60073.236396139895,-122.27164712663847,-61.204847686374634,-7.361251171271619 m^-2 kg^-1 s^2 mol K,-3.10669479011075 m^-2 kg^-1 s^2 mol K,-42330.4570963436,-41675.03746386871,-24344.88484147173,-25000.304473946624,1.664634802436342e-05,-0.14657787386193824,-59.07337165591523,-58.926793782053295,-41647.223378756695,-43995.13119483346,57994.97768651808,1.7242872398457133e-05,0.5314009171539544,1.8818183554438348,-1.8818011125714365,2.3034615423966898e-06,2.866748919211236e-05,4.1214565350958955e-05,1.209864155515656e-05,1.4376761450841962,0.018011,2.36948,2.1507200000000003e-10,230.71557,8.31446261815324,1
28,0.0012929999999999999,283.15,210200000.0,L,67423,60367.24871735904,-122.62459629713068,-61.517203209180884,-7.398818905610129 m^-2 kg^-1 s^2 mol K,-3.1225496335103604 m^-2 kg^-1 s^2 mol K,-42414.553299212814,-41286.77284916407,-23868.17676048449,-24995.957210533245,1.6565273741098004e-05,-0.14657787386193824,-59.07337165591523,-58.926793782053295,-41647.223378756695,-43995.13119483346,57994.97768651808,1.7242872398457133e-05,0.5314009171539544,1.8818183554438348,-1.8818011125714365,2.3034615423966898e-06,2.866748919211236e-05,4.1214565350958955e-05,1.209864155515656e-05,1.4376761450841962,0.018011,2.36948,2.1507200000000003e-10,230.71557,8.31446261815324,1
29,0.001313,283.15,240600000.0,L,67423,60661.20761861404,-122.98011939609322,-61.8323372099772,-7.436720814039938 m^-2 kg^-1 s^2 mol K,-3.138545509580135 m^-2 kg^-1 s^2 mol K,-42497.13470102481,-40885.08382147033,-23377.257540465293,-24989.308420019766,1.648499987483183e-05,-0.14657787386193824,-59.07337165591523,-58.926793782053295,-41647.223378756695,-43995.13119483346,57994.97768651808,1.7242872398457133e-05,0.5314009171539544,1.8818183554438348,-1.8818011125714365,2.3034615423966898e-06,2.866748919211236e-05,4.1214565350958955e-05,1.209864155515656e-05,1.4376761450841962,0.018011,2.36948,2.1507200000000003e-10,230.71557,8.31446261815324,1
30,0.001337,283.15,270700000.0,L,67423,60942.96615193718,-123.3234168578439,-62.13710515563832,-7.473375972606134 m^-2 kg^-1 s^2 mol K,-3.154015215408501 m^-2 kg^-1 s^2 mol K,-42574.86273076215,-40487.24484973729,-22893.123524918305,-24980.741405943165,1.6408784526616173e-05,-0.14657787386193824,-59.07337165591523,-58.926793782053295,-41647.223378756695,-43995.13119483346,57994.97768651808,1.7242872398457133e-05,0.5314009171539544,1.8818183554438348,-1.8818011125714365,2.3034615423966898e-06,2.866748919211236e-05,4.1214565350958955e-05,1.209864155515656e-05,1.4376761450841962,0.018011,2.36948,2.1507200000000003e-10,230.71557,8.31446261815324,1
31,0.0013620000000000001,283.15,300200000.0,L,67423,61210.78873641763,-123.65207935430196,-62.42930861017602,-7.508519970235004 m^-2 kg^-1 s^2 mol K,-3.1688471606576147 m^-2 kg^-1 s^2 mol K,-42647.436343235175,-40097.31224880201,-22420.45351583067,-24970.577610263834,1.6336989289684576e-05,-0.14657787386193824,-59.07337165591523,-58.926793782053295,-41647.223378756695,-43995.13119483346,57994.97768651808,1.7242872398457133e-05,0.5314009171539544,1.8818183554438348,-1.8818011125714365,2.3034615423966898e-06,2.866748919211236e-05,4.1214565350958955e-05,1.209864155515656e-05,1.4376761450841962,0.018011,2.36948,2.1507200000000003e-10,230.71557,8.31446261815324,1
32,0.001389,283.15,330000000.0,L,67423,61473.55741304579,-123.97680720902206,-62.71842012510275,-7.543292093005212 m^-2 kg^-1 s^2 mol K,-3.1835221622487686 m^-2 kg^-1 s^2 mol K,-42717.38529632841,-39703.46362919417,-21944.74297077133,-24958.66463790557,1.6267156840800986e-05,-0.14657787386193824,-59.07337165591523,-58.926793782053295,-41647.223378756695,-43995.13119483346,57994.97768651808,1.7242872398457133e-05,0.5314009171539544,1.8818183554438348,-1.8818011125714365,2.3034615423966898e-06,2.866748919211236e-05,4.1214565350958955e-05,1.209864155515656e-05,1.4376761450841962,0.018011,2.36948,2.1507200000000003e-10,230.71557,8.31446261815324,1
33,0.00142,283.15,359200000.0,L,67423,61723.956928522464,-124.28838134007862,-62.99619584246487,-7.576700832706036 m^-2 kg^-1 s^2 mol K,-3.197621770475394 m^-2 kg^-1 s^2 mol K,-42782.87231284667,-39317.653997164976,-21480.28114437105,-24945.49946005274,1.6201164827427046e-05,-0.14657787386193824,-59.07337165591523,-58.926793782053295,-41647.223378756695,-43995.13119483346,57994.97768651808,1.7242872398457133e-05,0.5314009171539544,1.8818183554438348,-1.8818011125714365,2.3034615423966898e-06,2.866748919211236e-05,4.1214565350958955e-05,1.209864155515656e-05,1.4376761450841962,0.018011,2.36948,2.1507200000000003e-10,230.71557,8.31446261815324,1
34,0.00145,283.15,385200000.0,L,67423,61941.38173262075,-124.56064471369311,-63.23922269292397,-7.605930244349368 m^-2 kg^-1 s^2 mol K,-3.2099575621441705 m^-2 kg^-1 s^2 mol K,-42838.800831975524,-38974.25811144141,-21068.072205939996,-24932.61492647412,1.6144295978359826e-05,-0.14657787386193824,-59.07337165591523,-58.926793782053295,-41647.223378756695,-43995.13119483346,57994.97768651808,1.7242872398457133e-05,0.5314009171539544,1.8818183554438348,-1.8818011125714365,2.3034615423966898e-06,2.866748919211236e-05,4.1214565350958955e-05,1.209864155515656e-05,1.4376761450841962,0.018011,2.36948,2.1507200000000003e-10,230.71557,8.31446261815324,1
35,0.001528,278.15,100000.0,L,67423,58248.005757321545,-120.74478248932503,-59.827912315144914,-7.195643911432191 m^-2 kg^-1 s^2 mol K,-3.036802974252659 m^-2 kg^-1 s^2 mol K,-41916.96352914792,-44227.91450941366,-27586.780698956107,-25275.82971869036,1.716796973558711e-05,-0.12492716377691016,-59.826620124645665,-59.701692960868755,-41876.630862867794,-44184.12019858514,58246.72867855354,1.7168346148994978e-05,0.3858316983911305,2.5918036391770656,-2.5917864708309164,4.631619276551646e-06,2.8170975689659826e-05,4.0849051167229255e-05,1.1889096210839437e-05,1.450040340002243,0.018011,2.36948,2.1507200000000003e-10,230.71557,8.31446261815324,1
36,0.001528,278.15,100000.0,L,67423,58248.005757321545,-120.74478248932503,-59.827912315144914,-7.195643911432191 m^-2 kg^-1 s^2 mol K,-3.036802974252659 m^-2 kg^-1 s^2 mol K,-41916.96352914792,-44227.91450941366,-27586.780698956107,-25275.82971869036,1.716796973558711e-05,-0.12492716377691016,-59.826620124645665,-59.701692960868755,-41876.630862867794,-44184.12019858514,58246.72867855354,1.7168346148994978e-05,0.3858316983911305,2.5918036391770656,-2.5917864708309164,4.631619276551646e-06,2.8170975689659826e-05,4.0849051167229255e-05,1.1889096210839437e-05,1.450040340002243,0.018011,2.36948,2.1507200000000003e-10,230.71557,8.31446261815324,1
37,0.001527,278.15,600000.0,L,67423,58254.445316574325,-120.75221813082095,-59.83442880903071,-7.196427665498457 m^-2 kg^-1 s^2 mol K,-3.0371337447450317 m^-2 kg^-1 s^2 mol K,-41919.031088689735,-44221.39922275609,-27578.452849524205,-25276.084715457848,1.7166071954949745e-05,-0.12492716377691016,-59.826620124645665,-59.701692960868755,-41876.630862867794,-44184.12019858514,58246.72867855354,1.7168346148994978e-05,0.3858316983911305,2.5918036391770656,-2.5917864708309164,4.631619276551646e-06,2.8170975689659826e-05,4.0849051167229255e-05,1.1889096210839437e-05,1.450040340002243,0.018011,2.36948,2.1507200000000003e-10,230.71557,8.31446261815324,1
38,0.0014810000000000001,278.15,30700000.0,L,67423,58632.6706200444,-121.19093873637667,-60.21934106971472,-7.242721969575743 m^-2 kg^-1 s^2 mol K,-3.0566714931443792 m^-2 kg^-1 s^2 mol K,-42039.34518702984,-43828.41409566328,-27078.404377122126,-25289.335468488687,1.7055337739607174e-05,-0.12492716377691016,-59.826620124645665,-59.701692960868755,-41876.630862867794,-44184.12019858514,58246.72867855354,1.7168346148994978e-05,0.3858316983911305,2.5918036391770656,-2.5917864708309164,4.631619276551646e-06,2.8170975689659826e-05,4.0849051167229255e-05,1.1889096210839437e-05,1.450040340002243,0.018011,2.36948,2.1507200000000003e-10,230.71557,8.31446261815324,1
39,0.001454,278.15,60700000.0,L,67423,58992.53316874625,-121.61205508193221,-60.5895827226415,-7.287251805108158 m^-2 kg^-1 s^2 mol K,-3.075464576661613 m^-2 kg^-1 s^2 mol K,-42151.7389184953,-43435.46291692848,-26582.470482625744,-25298.746484192572,1.6951297838652427e-05,-0.12492716377691016,-59.826620124645665,-59.701692960868755,-41876.630862867794,-44184.12019858514,58246.72867855354,1.7168346148994978e-05,0.3858316983911305,2.5918036391770656,-2.5917864708309164,4.631619276551646e-06,2.8170975689659826e-05,4.0849051167229255e-05,1.1889096210839437e-05,1.450040340002243,0.018011,2.36948,2.1507200000000003e-10,230.71557,8.31446261815324,1
40,0.0014399999999999999,278.15,90500000.0,L,67423,59334.84170091711,-122.01605689447359,-60.94547868584194,-7.330056250752474 m^-2 kg^-1 s^2 mol K,-3.093529487800055 m^-2 kg^-1 s^2 mol K,-42256.73179117561,-43044.15744413026,-26092.172547663326,-25304.746894708675,1.6853504135741944e-05,-0.12492716377691016,-59.826620124645665,-59.701692960868755,-41876.630862867794,-44184.12019858514,58246.72867855354,1.7168346148994978e-05,0.3858316983911305,2.5918036391770656,-2.5917864708309164,4.631619276551646e-06,2.8170975689659826e-05,4.0849051167229255e-05,1.1889096210839437e-05,1.450040340002243,0.018011,2.36948,2.1507200000000003e-10,230.71557,8.31446261815324,1
41,0.0014390000000000002,278.15,120300000.0,L,67423,59663.515070771864,-122.40718709264057,-61.29067968850664,-7.371574388306068 m^-2 kg^-1 s^2 mol K,-3.111051533799006 m^-2 kg^-1 s^2 mol K,-42355.75072602003,-42652.11088448592,-25604.1083291278,-25307.748170661907,1.6760661835190512e-05,-0.12492716377691016,-59.826620124645665,-59.701692960868755,-41876.630862867794,-44184.12019858514,58246.72867855354,1.7168346148994978e-05,0.3858316983911305,2.5918036391770656,-2.5917864708309164,4.631619276551646e-06,2.8170975689659826e-05,4.0849051167229255e-05,1.1889096210839437e-05,1.450040340002243,0.018011,2.36948,2.1507200000000003e-10,230.71557,8.31446261815324,1
42,0.001444,278.15,150800000.0,L,67423,59987.093411248476,-122.79541007401643,-61.63393195709045,-7.4128581470224 m^-2 kg^-1 s^2 mol K,-3.128474664070767 m^-2 kg^-1 s^2 mol K,-42451.49124450159,-42250.28492942292,-25106.80675555822,-25308.013070636884,1.6670252601578544e-05,-0.12492716377691016,-59.826620124645665,-59.701692960868755,-41876.630862867794,-44184.12019858514,58246.72867855354,1.7168346148994978e-05,0.3858316983911305,2.5918036391770656,-2.5917864708309164,4.631619276551646e-06,2.8170975689659826e-05,4.0849051167229255e-05,1.1889096210839437e-05,1.450040340002243,0.018011,2.36948,2.1507200000000003e-10,230.71557,8.31446261815324,1
43,0.001456,278.15,180700000.0,L,67423,60292.82457137247,-123.1651645911968,-61.96141847443794,-7.4522457217085245 m^-2 kg^-1 s^2 mol K,-3.1450975411096636 m^-2 kg^-1 s^2 mol K,-42540.33706977953,-41855.96496234577,-24621.396413680868,-25305.768521114624,1.658572155325442e-05,-0.12492716377691016,-59.826620124645665,-59.701692960868755,-41876.630862867794,-44184.12019858514,58246.72867855354,1.7168346148994978e-05,0.3858316983911305,2.5918036391770656,-2.5917864708309164,4.631619276551646e-06,2.8170975689659826e-05,4.0849051167229255e-05,1.1889096210839437e-05,1.450040340002243,0.018011,2.36948,2.1507200000000003e-10,230.71557,8.31446261815324,1
44,0.001476,278.15,210700000.0,L,67423,60589.106834895094,-123.52628353075859,-62.2817797472617,-7.490776326455523 m^-2 kg^-1 s^2 mol K,-3.1613587481031806 m^-2 kg^-1 s^2 mol K,-42624.9190019378,-41460.06398660393,-24136.386949903095,-25301.24196523696,1.650461695573419e-05,-0.12492716377691016,-59.826620124645665,-59.701692960868755,-41876.630862867794,-44184.12019858514,58246.72867855354,1.7168346148994978e-05,0.3858316983911305,2.5918036391770656,-2.5917864708309164,4.631619276551646e-06,2.8170975689659826e-05,4.0849051167229255e-05,1.1889096210839437e-05,1.450040340002243,0.018011,2.36948,2.1507200000000003e-10,230.71557,8.31446261815324,1
45,0.001498,278.15,240400000.0,L,67423,60872.908537197814,-123.87482501563747,-62.59146689678814,-7.528023129255537 m^-2 kg^-1 s^2 mol K,-3.177078147633885 m^-2 kg^-1 s^2 mol K,-42704.51811659395,-41067.9742366788,-23658.157719337178,-25294.70159925233,1.6427669122938762e-05,-0.12492716377691016,-59.826620124645665,-59.701692960868755,-41876.630862867794,-44184.12019858514,58246.72867855354,1.7168346148994978e-05,0.3858316983911305,2.5918036391770656,-2.5917864708309164,4.631619276551646e-06,2.8170975689659826e-05,4.0849051167229255e-05,1.1889096210839437e-05,1.450040340002243,0.018011,2.36948,2.1507200000000003e-10,230.71557,8.31446261815324,1
46,0.001521,278.15,270400000.0,L,67423,61150.68749085456,-124.21852042241584,-62.897307547748355,-7.564807304614322 m^-2 kg^-1 s^2 mol K,-3.192602302874185 m^-2 kg^-1 s^2 mol K,-42781.06569938756,-40671.869862412546,-23176.983768006343,-25286.179604981353,1.6353045910555886e-05,-0.12492716377691016,-59.826620124645665,-59.701692960868755,-41876.630862867794,-44184.12019858514,58246.72867855354,1.7168346148994978e-05,0.3858316983911305,2.5918036391770656,-2.5917864708309164,4.631619276551646e-06,2.8170975689659826e-05,4.0849051167229255e-05,1.1889096210839437e-05,1.450040340002243,0.018011,2.36948,2.1507200000000003e-10,230.71557,8.31446261815324,1
47,0.001554,278.15,300600000.0,L,67423,61421.946702491536,-124.5566361749877,-63.19862261847471,-7.601047177780446 m^-2 kg^-1 s^2 mol K,-3.2078967443407187 m^-2 kg^-1 s^2 mol K,-42854.500719737065,-40273.15233275399,-22694.455451425252,-25275.803838408323,1.6280825562948753e-05,-0.12492716377691016,-59.826620124645665,-59.701692960868755,-41876.630862867794,-44184.12019858514,58246.72867855354,1.7168346148994978e-05,0.3858316983911305,2.5918036391770656,-2.5917864708309164,4.631619276551646e-06,2.8170975689659826e-05,4.0849051167229255e-05,1.1889096210839437e-05,1.450040340002243,0.018011,2.36948,2.1507200000000003e-10,230.71557,8.31446261815324,1
48,0.00159,278.15,330300000.0,L,67423,61681.090597844755,-124.88199425887707,-63.48897514180903,-7.635968559554463 m^-2 kg^-1 s^2 mol K,-3.2226347382355893 m^-2 kg^-1 s^2 mol K,-42923.42802406023,-39881.13211958512,-22221.67368389094,-25263.969588366064,1.6212424104494382e-05,-0.12492716377691016,-59.826620124645665,-59.701692960868755,-41876.630862867794,-44184.12019858514,58246.72867855354,1.7168346148994978e-05,0.3858316983911305,2.5918036391770656,-2.5917864708309164,4.631619276551646e-06,2.8170975689659826e-05,4.0849051167229255e-05,1.1889096210839437e-05,1.450040340002243,0.018011,2.36948,2.1507200000000003e-10,230.71557,8.31446261815324,1
49,0.00163,278.15,360000000.0,L,67423,61933.1755398997,-125.20073227303804,-63.77380196111716,-7.670225351891981 m^-2 kg^-1 s^2 mol K,-3.237092253107003 m^-2 kg^-1 s^2 mol K,-42989.31465607955,-39489.26579378416,-21750.582778299417,-25250.63164059482,1.614643510981868e-05,-0.12492716377691016,-59.826620124645665,-59.701692960868755,-41876.630862867794,-44184.12019858514,58246.72867855354,1.7168346148994978e-05,0.3858316983911305,2.5918036391770656,-2.5917864708309164,4.631619276551646e-06,2.8170975689659826e-05,4.0849051167229255e-05,1.1889096210839437e-05,1.450040340002243,0.018011,2.36948,2.1507200000000003e-10,230.71557,8.31446261815324,1
50,0.0016710000000000002,278.15,389000000.0,L,67423,62172.93706019447,-125.5059812719832,-64.04692537597819,-7.703074548214628 m^-2 kg^-1 s^2 mol K,-3.2509557152685944 m^-2 kg^-1 s^2 mol K,-43050.905840847525,-39106.83204540908,-21292.179752080752,-25236.253547519198,1.6084168567295156e-05,-0.12492716377691016,-59.826620124645665,-59.701692960868755,-41876.630862867794,-44184.12019858514,58246.72867855354,1.7168346148994978e-05,0.3858316983911305,2.5918036391770656,-2.5917864708309164,4.631619276551646e-06,2.8170975689659826e-05,4.0849051167229255e-05,1.1889096210839437e-05,1.450040340002243,0.018011,2.36948,2.1507200000000003e-10,230.71557,8.31446261815324,1
51,0.0008941,298.1,29974000.0,L,184098,57652.92718044387,-117.70179493176173,-57.29728208422065,-6.8912790538166115 m^-2 kg^-1 s^2 mol K,-2.90835080009817 m^-2 kg^-1 s^2 mol K,-41166.25189640922,-43124.88898524774,-26044.569195941564,-24085.932107103046,1.7345173071094376e-05,-0.22638417020369964,-56.911093701928095,-56.684709531724394,-40956.96889072796,-43424.46951047896,57248.156372149584,1.7467811426089623e-05,1.2873456012137245,0.7767921831225338,-0.7767747153111078,-4.874436854152009e-08,3.013501609395506e-05,4.228861182785586e-05,1.2717987108544938e-05,1.403304769972854,0.018011,2.36948,2.1507200000000003e-10,230.71557,8.31446261815324,1
52,0.0008985,298.1,24725000.0,L,184098,57583.56101034929,-117.6253074072278,-57.23080427981841,-6.883283611723085 m^-2 kg^-1 s^2 mol K,-2.904976455476765 m^-2 kg^-1 s^2 mol K,-41144.022309981236,-43193.18760069095,-26132.684844877076,-24083.519554167364,1.7366067371558933e-05,-0.22638417020369964,-56.911093701928095,-56.684709531724394,-40956.96889072796,-43424.46951047896,57248.156372149584,1.7467811426089623e-05,1.2873456012137245,0.7767921831225338,-0.7767747153111078,-4.874436854152009e-08,3.013501609395506e-05,4.228861182785586e-05,1.2717987108544938e-05,1.403304769972854,0.018011,2.36948,2.1507200000000003e-10,230.71557,8.31446261815324,1
53,0.0008988000000000001,298.1,20212000.0,L,184098,57523.418448839926,-117.55908025459888,-57.173265620750605,-6.876363301691 m^-2 kg^-1 s^2 mol K,-2.902055852630535 m^-2 kg^-1 s^2 mol K,-41124.68788368617,-43251.8592517042,-26208.508770158434,-24081.33740214041,1.7384224146716492e-05,-0.22638417020369964,-56.911093701928095,-56.684709531724394,-40956.96889072796,-43424.46951047896,57248.156372149584,1.7467811426089623e-05,1.2873456012137245,0.7767921831225338,-0.7767747153111078,-4.874436854152009e-08,3.013501609395506e-05,4.228861182785586e-05,1.2717987108544938e-05,1.403304769972854,0.018011,2.36948,2.1507200000000003e-10,230.71557,8.31446261815324,1
54,0.0008957,298.1,15090000.0,L,184098,57454.58505167233,-117.48338500774712,-57.10752554373269,-6.868456587807365 m^-2 kg^-1 s^2 mol K,-2.898718954288437 m^-2 kg^-1 s^2 mol K,-41102.49064957697,-43318.38973199569,-26294.63636740897,-24078.73728499025,1.7405051295743247e-05,-0.22638417020369964,-56.911093701928095,-56.684709531724394,-40956.96889072796,-43424.46951047896,57248.156372149584,1.7467811426089623e-05,1.2873456012137245,0.7767921831225338,-0.7767747153111078,-4.874436854152009e-08,3.013501609395506e-05,4.228861182785586e-05,1.2717987108544938e-05,1.403304769972854,0.018011,2.36948,2.1507200000000003e-10,230.71557,8.31446261815324,1
55,0.0009035,298.1,9773000.0,L,184098,57382.47055243355,-117.40419787210334,-57.03878091523627,-6.860188509441563 m^-2 kg^-1 s^2 mol K,-2.895229548019634 m^-2 kg^-1 s^2 mol K,-41079.156769308334,-43387.38473956558,-26384.12414873365,-24075.896178476407,1.742692481471749e-05,-0.22638417020369964,-56.911093701928095,-56.684709531724394,-40956.96889072796,-43424.46951047896,57248.156372149584,1.7467811426089623e-05,1.2873456012137245,0.7767921831225338,-0.7767747153111078,-4.874436854152009e-08,3.013501609395506e-05,4.228861182785586e-05,1.2717987108544938e-05,1.403304769972854,0.018011,2.36948,2.1507200000000003e-10,230.71557,8.31446261815324,1
56,0.0008932,298.1,6285000.0,L,184098,57334.78992582021,-117.35190607297511,-56.99340069695931,-6.85473052371704 m^-2 kg^-1 s^2 mol K,-2.892926095057583 m^-2 kg^-1 s^2 mol K,-41063.68491121641,-43432.60690961804,-26442.874161854474,-24073.95216345285,1.7441417353997473e-05,-0.22638417020369964,-56.911093701928095,-56.684709531724394,-40956.96889072796,-43424.46951047896,57248.156372149584,1.7467811426089623e-05,1.2873456012137245,0.7767921831225338,-0.7767747153111078,-4.874436854152009e-08,3.013501609395506e-05,4.228861182785586e-05,1.2717987108544938e-05,1.403304769972854,0.018011,2.36948,2.1507200000000003e-10,230.71557,8.31446261815324,1
57,0.0008952,298.1,3127000.0,L,184098,57291.361101154806,-117.30432222293096,-56.95211710830007,-6.849765249284378 m^-2 kg^-1 s^2 mol K,-2.8908305827795036 m^-2 kg^-1 s^2 mol K,-41049.56235930234,-43473.52301103117,-26496.09690104691,-24072.13624931809,1.7454638548984365e-05,-0.22638417020369964,-56.911093701928095,-56.684709531724394,-40956.96889072796,-43424.46951047896,57248.156372149584,1.7467811426089623e-05,1.2873456012137245,0.7767921831225338,-0.7767747153111078,-4.874436854152009e-08,3.013501609395506e-05,4.228861182785586e-05,1.2717987108544938e-05,1.403304769972854,0.018011,2.36948,2.1507200000000003e-10,230.71557,8.31446261815324,1
58,0.0009055,298.1,1452000.0,L,184098,57268.22527098183,-117.2789903453295,-56.93014351792399,-6.847122433821101 m^-2 kg^-1 s^2 mol K,-2.8897152260500625 m^-2 kg^-1 s^2 mol K,-41042.02706722736,-43495.21399973093,-26524.338217037788,-24071.151284534226,1.7461690060556258e-05,-0.22638417020369964,-56.911093701928095,-56.684709531724394,-40956.96889072796,-43424.46951047896,57248.156372149584,1.7467811426089623e-05,1.2873456012137245,0.7767921831225338,-0.7767747153111078,-4.874436854152009e-08,3.013501609395506e-05,4.228861182785586e-05,1.2717987108544938e-05,1.403304769972854,0.018011,2.36948,2.1507200000000003e-10,230.71557,8.31446261815324,1
59,0.0008866000000000001,298.8,29363000.0,L,184098,57611.09495014143,-117.57501138762271,-57.191590236421945,-6.878567246373044 m^-2 kg^-1 s^2 mol K,-2.902985991176564 m^-2 kg^-1 s^2 mol K,-41133.28067652157,-43107.96597542419,-26019.118812781304,-24044.43351387869,1.7357767646413134e-05,-0.2307007466532689,-56.812939437786454,-56.582238691133185,-40924.44378364501,-43397.49084170602,57213.345408701156,1.7478439564345373e-05,1.3385055578132752,0.7471018660794403,-0.747084387639876,-2.6304996936232783e-07,3.020309195566494e-05,4.2338233885459225e-05,1.274671740452122e-05,1.4017847559318573,0.018011,2.36948,2.1507200000000003e-10,230.71557,8.31446261815324,1
60,0.0008846,298.8,25032000.0,L,184098,57553.70223937024,-117.5118401822771,-57.136706104894195,-6.871966202619727 m^-2 kg^-1 s^2 mol K,-2.900200129403805 m^-2 kg^-1 s^2 mol K,-41114.87582881804,-43164.30433515687,-26091.85655101449,-24042.428044675657,1.7375076860232617e-05,-0.2307007466532689,-56.812939437786454,-56.582238691133185,-40924.44378364501,-43397.49084170602,57213.345408701156,1.7478439564345373e-05,1.3385055578132752,0.7471018660794403,-0.747084387639876,-2.6304996936232783e-07,3.020309195566494e-05,4.2338233885459225e-05,1.274671740452122e-05,1.4017847559318573,0.018011,2.36948,2.1507200000000003e-10,230.71557,8.31446261815324,1
61,0.0008819,298.8,18700000.0,L,184098,57469.01609713378,-117.4187653922966,-57.05587445959525,-6.862244390277644 m^-2 kg^-1 s^2 mol K,-2.8960971986586275 m^-2 kg^-1 s^2 mol K,-41087.62474686764,-43246.59344783763,-26198.298159310572,-24039.329458340588,1.7400680713061208e-05,-0.2307007466532689,-56.812939437786454,-56.582238691133185,-40924.44378364501,-43397.49084170602,57213.345408701156,1.7478439564345373e-05,1.3385055578132752,0.7471018660794403,-0.747084387639876,-2.6304996936232783e-07,3.020309195566494e-05,4.2338233885459225e-05,1.274671740452122e-05,1.4017847559318573,0.018011,2.36948,2.1507200000000003e-10,230.71557,8.31446261815324,1
62,0.0008833,298.8,15876000.0,L,184098,57430.943808259515,-117.37697517498269,-57.01959426394677,-6.857880885705591 m^-2 kg^-1 s^2 mol K,-2.894255653436869 m^-2 kg^-1 s^2 mol K,-41075.33723529232,-43283.26232401374,-26245.807557946446,-24037.882469225016,1.7412216023101183e-05,-0.2307007466532689,-56.812939437786454,-56.582238691133185,-40924.44378364501,-43397.49084170602,57213.345408701156,1.7478439564345373e-05,1.3385055578132752,0.7471018660794403,-0.747084387639876,-2.6304996936232783e-07,3.020309195566494e-05,4.2338233885459225e-05,1.274671740452122e-05,1.4017847559318573,0.018011,2.36948,2.1507200000000003e-10,230.71557,8.31446261815324,1
63,0.0008817,298.8,11277000.0,L,184098,57368.53326695057,-117.3085412879116,-56.96020066481137,-6.850737477663112 m^-2 kg^-1 s^2 mol K,-2.891240895750592 m^-2 kg^-1 s^2 mol K,-41055.14628818714,-43342.93654335733,-26323.228584711687,-24035.438329541503,1.7431158564691592e-05,-0.2307007466532689,-56.812939437786454,-56.582238691133185,-40924.44378364501,-43397.49084170602,57213.345408701156,1.7478439564345373e-05,1.3385055578132752,0.7471018660794403,-0.747084387639876,-2.6304996936232783e-07,3.020309195566494e-05,4.2338233885459225e-05,1.274671740452122e-05,1.4017847559318573,0.018011,2.36948,2.1507200000000003e-10,230.71557,8.31446261815324,1
64,0.0008828000000000001,298.8,8071000.0,L,184098,57324.72252638137,-117.26055507322972,-56.91856639785185,-6.8457300263254135 m^-2 kg^-1 s^2 mol K,-2.8891275834045502 m^-2 kg^-1 s^2 mol K,-41040.93685702097,-43384.50388581213,-26377.236246133998,-24033.66921734284,1.7444480425348607e-05,-0.2307007466532689,-56.812939437786454,-56.582238691133185,-40924.44378364501,-43397.49084170602,57213.345408701156,1.7478439564345373e-05,1.3385055578132752,0.7471018660794403,-0.747084387639876,-2.6304996936232783e-07,3.020309195566494e-05,4.2338233885459225e-05,1.274671740452122e-05,1.4017847559318573,0.018011,2.36948,2.1507200000000003e-10,230.71557,8.31446261815324,1
65,0.0008822,298.8,5024000.0,L,184098,57282.84953564335,-117.21473185796424,-56.87881872236839,-6.840949479787544 m^-2 kg^-1 s^2 mol K,-2.887110032491325 m^-2 kg^-1 s^2 mol K,-41027.32834935899,-43423.98464556589,-26428.593611322216,-24031.937315115305,1.745723210535757e-05,-0.2307007466532689,-56.812939437786454,-56.582238691133185,-40924.44378364501,-43397.49084170602,57213.345408701156,1.7478439564345373e-05,1.3385055578132752,0.7471018660794403,-0.747084387639876,-2.6304996936232783e-07,3.020309195566494e-05,4.2338233885459225e-05,1.274671740452122e-05,1.4017847559318573,0.018011,2.36948,2.1507200000000003e-10,230.71557,8.31446261815324,1
66,0.0008821,298.8,2416000.0,L,184098,57246.82514834137,-117.17534064745492,-56.84465800661544,-6.836840890053991 m^-2 kg^-1 s^2 mol K,-2.8853760698777755 m^-2 kg^-1 s^2 mol K,-41015.59910744775,-43457.75732397132,-26472.573511594615,-24030.415295071056,1.7468217624448877e-05,-0.2307007466532689,-56.812939437786454,-56.582238691133185,-40924.44378364501,-43397.49084170602,57213.345408701156,1.7478439564345373e-05,1.3385055578132752,0.7471018660794403,-0.747084387639876,-2.6304996936232783e-07,3.020309195566494e-05,4.2338233885459225e-05,1.274671740452122e-05,1.4017847559318573,0.018011,2.36948,2.1507200000000003e-10,230.71557,8.31446261815324,1
67,0.0008789000000000001,299.1,23372000.0,L,184098,57517.028581499406,-117.43704194268558,-57.07366192030309,-6.864383730067206 m^-2 kg^-1 s^2 mol K,-2.897000071774063 m^-2 kg^-1 s^2 mol K,-41094.71253315357,-43175.219077041416,-26104.48679667876,-24023.980252790916,1.7386155451042446e-05,-0.2325670411898655,-56.77095365962396,-56.538386618434096,-40910.497852034816,-43385.92034237814,57198.429498735524,1.7482997501218225e-05,1.3609626710123446,0.7347740105583906,-0.7347565275608894,-1.1029078450519592e-07,3.0232249797394244e-05,4.235948268673947e-05,1.27590229912868e-05,1.4011356406029196,0.018011,2.36948,2.1507200000000003e-10,230.71557,8.31446261815324,1
68,0.000878,299.1,19717000.0,L,184098,57468.06532810915,-117.38327357676914,-57.02697452724565,-6.858768527353383 m^-2 kg^-1 s^2 mol K,-2.8946302679716154 m^-2 kg^-1 s^2 mol K,-41078.94952026593,-43222.71039156451,-26165.94231046534,-24022.181439166754,1.740096859517687e-05,-0.2325670411898655,-56.77095365962396,-56.538386618434096,-40910.497852034816,-43385.92034237814,57198.429498735524,1.7482997501218225e-05,1.3609626710123446,0.7347740105583906,-0.7347565275608894,-1.1029078450519592e-07,3.0232249797394244e-05,4.235948268673947e-05,1.27590229912868e-05,1.4011356406029196,0.018011,2.36948,2.1507200000000003e-10,230.71557,8.31446261815324,1
69,0.0008745000000000001,299.1,16570000.0,L,184098,57425.655709929175,-117.33674611714275,-56.98658514370969,-6.853910801076789 m^-2 kg^-1 s^2 mol K,-2.892580144621094 m^-2 kg^-1 s^2 mol K,-41065.26629285394,-43263.57507375245,-26218.887457268887,-24020.57867637037,1.7413819444243544e-05,-0.2325670411898655,-56.77095365962396,-56.538386618434096,-40910.497852034816,-43385.92034237814,57198.429498735524,1.7482997501218225e-05,1.3609626710123446,0.7347740105583906,-0.7347565275608894,-1.1029078450519592e-07,3.0232249797394244e-05,4.235948268673947e-05,1.27590229912868e-05,1.4011356406029196,0.018011,2.36948,2.1507200000000003e-10,230.71557,8.31446261815324,1
70,0.0008756,299.1,10480000.0,L,184098,57342.912027494895,-117.24608576834882,-56.90791360661306,-6.8444487900353455 m^-2 kg^-1 s^2 mol K,-2.888586858734974 m^-2 kg^-1 s^2 mol K,-41038.48945697452,-43342.58506217548,-26321.428102437505,-24017.332497236563,1.7438946935944203e-05,-0.2325670411898655,-56.77095365962396,-56.538386618434096,-40910.497852034816,-43385.92034237814,57198.429498735524,1.7482997501218225e-05,1.3609626710123446,0.7347740105583906,-0.7347565275608894,-1.1029078450519592e-07,3.0232249797394244e-05,4.235948268673947e-05,1.27590229912868e-05,1.4011356406029196,0.018011,2.36948,2.1507200000000003e-10,230.71557,8.31446261815324,1
71,0.0008742,299.1,9174000.0,L,184098,57325.05022596963,-117.22653533296742,-56.89095345502772,-6.8424089526622955 m^-2 kg^-1 s^2 mol K,-2.8877259789752587 m^-2 kg^-1 s^2 mol K,-41032.69531763268,-43359.51633814666,-26343.432159747874,-24016.611139233886,1.7444380703690616e-05,-0.2325670411898655,-56.77095365962396,-56.538386618434096,-40910.497852034816,-43385.92034237814,57198.429498735524,1.7482997501218225e-05,1.3609626710123446,0.7347740105583906,-0.7347565275608894,-1.1029078450519592e-07,3.0232249797394244e-05,4.235948268673947e-05,1.27590229912868e-05,1.4011356406029196,0.018011,2.36948,2.1507200000000003e-10,230.71557,8.31446261815324,1
72,0.0008746,299.1,3668000.0,L,184098,57249.28159672048,-117.14368360491588,-56.81909852734733,-6.83376679128875 m^-2 kg^-1 s^2 mol K,-2.884078697135553 m^-2 kg^-1 s^2 mol K,-41008.06247629174,-43430.84757239306,-26436.255202863467,-24013.470106762157,1.7467468099325195e-05,-0.2325670411898655,-56.77095365962396,-56.538386618434096,-40910.497852034816,-43385.92034237814,57198.429498735524,1.7482997501218225e-05,1.3609626710123446,0.7347740105583906,-0.7347565275608894,-1.1029078450519592e-07,3.0232249797394244e-05,4.235948268673947e-05,1.27590229912868e-05,1.4011356406029196,0.018011,2.36948,2.1507200000000003e-10,230.71557,8.31446261815324,1
73,0.000873,299.1,1958000.0,L,184098,57225.59534606291,-117.11780958286283,-56.79666523314176,-6.83106868616328 m^-2 kg^-1 s^2 mol K,-2.882940006315006 m^-2 kg^-1 s^2 mol K,-41000.343890103046,-43452.98420039038,-26465.10162915769,-24012.461318870344,1.7474698060416063e-05,-0.2325670411898655,-56.77095365962396,-56.538386618434096,-40910.497852034816,-43385.92034237814,57198.429498735524,1.7482997501218225e-05,1.3609626710123446,0.7347740105583906,-0.7347565275608894,-1.1029078450519592e-07,3.0232249797394244e-05,4.235948268673947e-05,1.27590229912868e-05,1.4011356406029196,0.018011,2.36948,2.1507200000000003e-10,230.71557,8.31446261815324,1
74,0.0004798,333.1,30153000.0,L,184098,55975.98933360046,-112.09845298417149,-52.697715813046464,-6.338078386207402 m^-2 kg^-1 s^2 mol K,-2.6748815715715697 m^-2 kg^-1 s^2 mol K,-39654.45541291792,-41885.32551811091,-24331.71638078514,-22100.84627559215,1.7864802603850263e-05,-0.5092856452717222,-52.292906444006725,-51.783620798735,-39296.458405395475,-42033.38163141769,55510.03625691215,1.8014760346611723e-05,7.210020939950677,0.13869585238775198,-0.13867783762740538,2.2782624000683427e-06,3.347060183606937e-05,4.4702288542824535e-05,1.4125716121709986e-05,1.3355687107678895,0.018011,2.36948,2.1507200000000003e-10,230.71557,8.31446261815324,1
75,0.0004757,333.1,25389000.0,L,184098,55904.2539133882,-112.02518979309617,-52.63511476452962,-6.330549210674137 m^-2 kg^-1 s^2 mol K,-2.671704007070808 m^-2 kg^-1 s^2 mol K,-39630.687950260515,-41946.08396216144,-24413.32723409662,-22097.931222195697,1.788772642506397e-05,-0.5092856452717222,-52.292906444006725,-51.783620798735,-39296.458405395475,-42033.38163141769,55510.03625691215,1.8014760346611723e-05,7.210020939950677,0.13869585238775198,-0.13867783762740538,2.2782624000683427e-06,3.347060183606937e-05,4.4702288542824535e-05,1.4125716121709986e-05,1.3355687107678895,0.018011,2.36948,2.1507200000000003e-10,230.71557,8.31446261815324,1
76,0.00047170000000000003,333.1,20262000.0,L,184098,55826.269688595006,-111.94564478066084,-52.56717619599585,-6.32237807903835 m^-2 kg^-1 s^2 mol K,-2.6682555155723406 m^-2 kg^-1 s^2 mol K,-39604.76171719538,-42011.36180518471,-24501.23541429849,-22094.635326309162,1.7912713953092488e-05,-0.5092856452717222,-52.292906444006725,-51.783620798735,-39296.458405395475,-42033.38163141769,55510.03625691215,1.8014760346611723e-05,7.210020939950677,0.13869585238775198,-0.13867783762740538,2.2782624000683427e-06,3.347060183606937e-05,4.4702288542824535e-05,1.4125716121709986e-05,1.3355687107678895,0.018011,2.36948,2.1507200000000003e-10,230.71557,8.31446261815324,1
77,0.0004727,333.1,15203000.0,L,184098,55748.504458117226,-111.8664265848155,-52.499548007147,-6.314244277498224 m^-2 kg^-1 s^2 mol K,-2.6648227786257848 m^-2 kg^-1 s^2 mol K,-39578.81707716704,-42075.65770810721,-24588.058266926542,-22091.21763598637,1.7937700925255863e-05,-0.5092856452717222,-52.292906444006725,-51.783620798735,-39296.458405395475,-42033.38163141769,55510.03625691215,1.8014760346611723e-05,7.210020939950677,0.13869585238775198,-0.13867783762740538,2.2782624000683427e-06,3.347060183606937e-05,4.4702288542824535e-05,1.4125716121709986e-05,1.3355687107678895,0.018011,2.36948,2.1507200000000003e-10,230.71557,8.31446261815324,1
78,0.0004719,333.1,10867000.0,L,184098,55681.192568631304,-111.79794015542082,-52.441106696278105,-6.307215403408239 m^-2 kg^-1 s^2 mol K,-2.661856358107365 m^-2 kg^-1 s^2 mol K,-39556.28681464176,-42130.66967099628,-24662.53703046604,-22088.154174111525,1.7959385456182965e-05,-0.5092856452717222,-52.292906444006725,-51.783620798735,-39296.458405395475,-42033.38163141769,55510.03625691215,1.8014760346611723e-05,7.210020939950677,0.13869585238775198,-0.13867783762740538,2.2782624000683427e-06,3.347060183606937e-05,4.4702288542824535e-05,1.4125716121709986e-05,1.3355687107678895,0.018011,2.36948,2.1507200000000003e-10,230.71557,8.31446261815324,1
79,0.0004689,333.1,5657000.0,L,184098,55599.48627072339,-111.71491142051978,-52.370287521721025,-6.298697814502076 m^-2 kg^-1 s^2 mol K,-2.6582616500253544 m^-2 kg^-1 s^2 mol K,-39528.847834040585,-42196.64978772901,-24752.107014243727,-22084.30506055531,1.7985777694614464e-05,-0.5092856452717222,-52.292906444006725,-51.783620798735,-39296.458405395475,-42033.38163141769,55510.03625691215,1.8014760346611723e-05,7.210020939950677,0.13869585238775198,-0.13867783762740538,2.2782624000683427e-06,3.347060183606937e-05,4.4702288542824535e-05,1.4125716121709986e-05,1.3355687107678895,0.018011,2.36948,2.1507200000000003e-10,230.71557,8.31446261815324,1
80,0.00046810000000000005,333.1,3428000.0,L,184098,55564.248601889754,-111.6791382772099,-52.33978556312649,-6.295029272108496 m^-2 kg^-1 s^2 mol K,-2.6567134021424517 m^-2 kg^-1 s^2 mol K,-39516.983599734056,-42224.836751453506,-24790.454180376073,-22082.60102865662,1.7997183893637494e-05,-0.5092856452717222,-52.292906444006725,-51.783620798735,-39296.458405395475,-42033.38163141769,55510.03625691215,1.8014760346611723e-05,7.210020939950677,0.13869585238775198,-0.13867783762740538,2.2782624000683427e-06,3.347060183606937e-05,4.4702288542824535e-05,1.4125716121709986e-05,1.3355687107678895,0.018011,2.36948,2.1507200000000003e-10,230.71557,8.31446261815324,1
81,0.00047,333.1,935000.0,L,184098,55524.63433729391,-111.63894705366263,-52.30552420992042,-6.290908578471451 m^-2 kg^-1 s^2 mol K,-2.654974331275829 m^-2 kg^-1 s^2 mol K,-39503.623895646924,-42256.33202126337,-24833.36190693887,-22080.653781322428,1.801002405392404e-05,-0.5092856452717222,-52.292906444006725,-51.783620798735,-39296.458405395475,-42033.38163141769,55510.03625691215,1.8014760346611723e-05,7.210020939950677,0.13869585238775198,-0.13867783762740538,2.2782624000683427e-06,3.347060183606937e-05,4.4702288542824535e-05,1.4125716121709986e-05,1.3355687107678895,0.018011,2.36948,2.1507200000000003e-10,230.71557,8.31446261815324,1
82,0.0002435,393.1,29887000.0,L,184098,53023.686266720186,-103.50734674638392,-45.8789005956338,-5.5179634214080036 m^-2 kg^-1 s^2 mol K,-2.328765560970341 m^-2 kg^-1 s^2 mol K,-37050.0969353096,-39754.85843301956,-21719.8626088759,-19015.101111165946,1.8859496017870048e-05,-1.2891321972983445,-45.41417633160244,-44.1250441343041,-36198.54397889037,-39338.675101142115,52422.63673328962,1.90757287751033e-05,62.68410143979375,0.015953008450802646,-0.015933932722027543,8.905772119760513e-09,3.890625228128148e-05,4.856170909917172e-05,1.6419742847072557e-05,1.2481723695226143,0.018011,2.36948,2.1507200000000003e-10,230.71557,8.31446261815324,1
83,0.00024260000000000002,393.1,25010000.0,L,184098,52928.454663728735,-103.41842303674395,-45.80492325346523,-5.5090659922455885 m^-2 kg^-1 s^2 mol K,-2.325010547565537 m^-2 kg^-1 s^2 mol K,-37016.072197706904,-39811.96279374002,-21806.047462802842,-19010.156866769725,1.8893428994919978e-05,-1.2891321972983445,-45.41417633160244,-44.1250441343041,-36198.54397889037,-39338.675101142115,52422.63673328962,1.90757287751033e-05,62.68410143979375,0.015953008450802646,-0.015933932722027543,8.905772119760513e-09,3.890625228128148e-05,4.856170909917172e-05,1.6419742847072557e-05,1.2481723695226143,0.018011,2.36948,2.1507200000000003e-10,230.71557,8.31446261815324,1
84,0.00024060000000000002,393.1,20282000.0,L,184098,52834.879388352,-103.33114656520272,-45.73235941062639,-5.50033856797641 m^-2 kg^-1 s^2 mol K,-2.3213272819253215 m^-2 kg^-1 s^2 mol K,-36982.52137264537,-39867.06142580077,-21889.67094148354,-19005.13088832814,1.8926890939784382e-05,-1.2891321972983445,-45.41417633160244,-44.1250441343041,-36198.54397889037,-39338.675101142115,52422.63673328962,1.90757287751033e-05,62.68410143979375,0.015953008450802646,-0.015933932722027543,8.905772119760513e-09,3.890625228128148e-05,4.856170909917172e-05,1.6419742847072557e-05,1.2481723695226143,0.018011,2.36948,2.1507200000000003e-10,230.71557,8.31446261815324,1
85,0.0002387,393.1,15612000.0,L,184098,52741.20141165218,-103.24387400980706,-45.659841754899645,-5.4916166987399775 m^-2 kg^-1 s^2 mol K,-2.3176463606951643 m^-2 kg^-1 s^2 mol K,-36948.817643448165,-39921.22143925127,-21972.33764540022,-18999.933849597117,1.89605085442568e-05,-1.2891321972983445,-45.41417633160244,-44.1250441343041,-36198.54397889037,-39338.675101142115,52422.63673328962,1.90757287751033e-05,62.68410143979375,0.015953008450802646,-0.015933932722027543,8.905772119760513e-09,3.890625228128148e-05,4.856170909917172e-05,1.6419742847072557e-05,1.2481723695226143,0.018011,2.36948,2.1507200000000003e-10,230.71557,8.31446261815324,1
86,0.0002379,393.1,10591000.0,L,184098,52639.04935491298,-103.14882028367109,-45.58090755243117,-5.482123096315674 m^-2 kg^-1 s^2 mol K,-2.313639742186334 m^-2 kg^-1 s^2 mol K,-36911.933806406785,-39979.14861953955,-22061.293860678867,-18994.079047546093,1.8997303565602226e-05,-1.2891321972983445,-45.41417633160244,-44.1250441343041,-36198.54397889037,-39338.675101142115,52422.63673328962,1.90757287751033e-05,62.68410143979375,0.015953008450802646,-0.015933932722027543,8.905772119760513e-09,3.890625228128148e-05,4.856170909917172e-05,1.6419742847072557e-05,1.2481723695226143,0.018011,2.36948,2.1507200000000003e-10,230.71557,8.31446261815324,1
87,0.0002352,393.1,4126000.0,L,184098,52505.247465766275,-103.02449469799194,-45.47774319831112,-5.469715276489194 m^-2 kg^-1 s^2 mol K,-2.3084032262307317 m^-2 kg^-1 s^2 mol K,-36863.417016037645,-40053.249649512145,-22175.948798256042,-18986.116164781542,1.904571539543749e-05,-1.2891321972983445,-45.41417633160244,-44.1250441343041,-36198.54397889037,-39338.675101142115,52422.63673328962,1.90757287751033e-05,62.68410143979375,0.015953008450802646,-0.015933932722027543,8.905772119760513e-09,3.890625228128148e-05,4.856170909917172e-05,1.6419742847072557e-05,1.2481723695226143,0.018011,2.36948,2.1507200000000003e-10,230.71557,8.31446261815324,1
88,0.000235,393.1,2441000.0,L,184098,52469.940594420375,-102.99172211287724,-45.45056350954579,-5.466446311312059 m^-2 kg^-1 s^2 mol K,-2.307023613329532 m^-2 kg^-1 s^2 mol K,-36850.57618181064,-40072.46956234193,-22205.853046739478,-18983.959666208193,1.9058531202269732e-05,-1.2891321972983445,-45.41417633160244,-44.1250441343041,-36198.54397889037,-39338.675101142115,52422.63673328962,1.90757287751033e-05,62.68410143979375,0.015953008450802646,-0.015933932722027543,8.905772119760513e-09,3.890625228128148e-05,4.856170909917172e-05,1.6419742847072557e-05,1.2481723695226143,0.018011,2.36948,2.1507200000000003e-10,230.71557,8.31446261815324,1
89,0.00014299999999999998,473.1,30206000.0,L,184098,48595.62455729761,-93.16526407979381,-38.05562799431597,-4.577040001506274 m^-2 kg^-1 s^2 mol K,-1.931664332050186 m^-2 kg^-1 s^2 mol K,-33404.88733727794,-36716.88100765624,-18712.76340354536,-15400.769733167059,2.0577984316693586e-05,-2.6940571509547433,-37.4201949809445,-34.72613782998976,-31307.41984720214,-34781.05152476138,47678.81400999553,2.0973676060615876e-05,448.8701750161911,0.0022278156483975108,-0.0022068419723368948,1.2665987014770508e-07,4.5695294583358977e-05,5.327444268616449e-05,1.9284946310312382e-05,1.165862769283156,0.018011,2.36948,2.1507200000000003e-10,230.71557,8.31446261815324,1
90,0.0001417,473.1,25335000.0,L,184098,48448.591456351714,-93.0375065046544,-37.953065164563995,-4.564704528432158 m^-2 kg^-1 s^2 mol K,-1.9264583488496037 m^-2 kg^-1 s^2 mol K,-33346.178789428,-36756.82563481362,-18801.23050545839,-15390.583660072773,2.064043494228144e-05,-2.6940571509547433,-37.4201949809445,-34.72613782998976,-31307.41984720214,-34781.05152476138,47678.81400999553,2.0973676060615876e-05,448.8701750161911,0.0022278156483975108,-0.0022068419723368948,1.2665987014770508e-07,4.5695294583358977e-05,5.327444268616449e-05,1.9284946310312382e-05,1.165862769283156,0.018011,2.36948,2.1507200000000003e-10,230.71557,8.31446261815324,1
91,0.00014099999999999998,473.1,20147000.0,L,184098,48288.246269624826,-92.89837977177163,-37.841501567159504,-4.551286511835281 m^-2 kg^-1 s^2 mol K,-1.9207954959886901 m^-2 kg^-1 s^2 mol K,-33281.915631699485,-36798.26421239981,-18895.449820976653,-15379.101240276323,2.0708973244055018e-05,-2.6940571509547433,-37.4201949809445,-34.72613782998976,-31307.41984720214,-34781.05152476138,47678.81400999553,2.0973676060615876e-05,448.8701750161911,0.0022278156483975108,-0.0022068419723368948,1.2665987014770508e-07,4.5695294583358977e-05,5.327444268616449e-05,1.9284946310312382e-05,1.165862769283156,0.018011,2.36948,2.1507200000000003e-10,230.71557,8.31446261815324,1
92,0.0001381,473.1,13345000.0,L,184098,48071.78266735601,-92.71088754615936,-37.691364696802836,-4.53322919685874 m^-2 kg^-1 s^2 mol K,-1.9131747036728484 m^-2 kg^-1 s^2 mol K,-33194.772379965674,-36850.73896287041,-19018.95432481299,-15362.987741908253,2.0802224184606068e-05,-2.6940571509547433,-37.4201949809445,-34.72613782998976,-31307.41984720214,-34781.05152476138,47678.81400999553,2.0973676060615876e-05,448.8701750161911,0.0022278156483975108,-0.0022068419723368948,1.2665987014770508e-07,4.5695294583358977e-05,5.327444268616449e-05,1.9284946310312382e-05,1.165862769283156,0.018011,2.36948,2.1507200000000003e-10,230.71557,8.31446261815324,1
93,0.0001379,473.1,11326000.0,L,184098,48006.09344043665,-92.65406429106251,-37.64591077518559,-4.527762346659907 m^-2 kg^-1 s^2 mol K,-1.910867509605444 m^-2 kg^-1 s^2 mol K,-33168.240362472476,-36865.88424411138,-19055.60385637108,-15357.959974732172,2.0830688946617697e-05,-2.6940571509547433,-37.4201949809445,-34.72613782998976,-31307.41984720214,-34781.05152476138,47678.81400999553,2.0973676060615876e-05,448.8701750161911,0.0022278156483975108,-0.0022068419723368948,1.2665987014770508e-07,4.5695294583358977e-05,5.327444268616449e-05,1.9284946310312382e-05,1.165862769283156,0.018011,2.36948,2.1507200000000003e-10,230.71557,8.31446261815324,1
94,0.0001382,473.1,10856000.0,L,184098,47990.70377318034,-92.64075673123307,-37.63526907125797,-4.526482443866865 m^-2 kg^-1 s^2 mol K,-1.9103273477163196 m^-2 kg^-1 s^2 mol K,-33162.01864287223,-36869.38043035584,-19064.134632743688,-15356.772845260077,2.0837368935582294e-05,-2.6940571509547433,-37.4201949809445,-34.72613782998976,-31307.41984720214,-34781.05152476138,47678.81400999553,2.0973676060615876e-05,448.8701750161911,0.0022278156483975108,-0.0022068419723368948,1.2665987014770508e-07,4.5695294583358977e-05,5.327444268616449e-05,1.9284946310312382e-05,1.165862769283156,0.018011,2.36948,2.1507200000000003e-10,230.71557,8.31446261815324,1
95,9.488000000000001e-05,571.1,30070000.0,L,184098,41334.975684637066,-80.67684210296812,-29.144159166157518,-3.5052366586538155 m^-2 kg^-1 s^2 mol K,-1.4793273877195907 m^-2 kg^-1 s^2 mol K,-28152.42883610431,-32173.34734289051,-15529.118043097951,-11508.19953631175,2.4192587111443956e-05,-4.891171544004313,-28.151144741494647,-23.259973197490336,-23238.504500258045,-26528.224994189637,39704.09877615078,2.5186316547264738e-05,2440.499212626467,0.0004097522321770386,-0.00038456591562977384,-1.9744038581848145e-07,5.3365298092180946e-05,5.8532695079846315e-05,2.252194493820625e-05,1.0968306591062122,0.018011,2.36948,2.1507200000000003e-10,230.71557,8.31446261815324,1
96,9.508e-05,571.1,29132000.0,L,184098,41272.87708554508,-80.62605232694233,-29.105869813777442,-3.500631508070003 m^-2 kg^-1 s^2 mol K,-1.4773838597793623 m^-2 kg^-1 s^2 mol K,-28124.500227611617,-32167.05098121948,-15544.688730571183,-11502.13797696332,2.4228986942861518e-05,-4.891171544004313,-28.151144741494647,-23.259973197490336,-23238.504500258045,-26528.224994189637,39704.09877615078,2.5186316547264738e-05,2440.499212626467,0.0004097522321770386,-0.00038456591562977384,-1.9744038581848145e-07,5.3365298092180946e-05,5.8532695079846315e-05,2.252194493820625e-05,1.0968306591062122,0.018011,2.36948,2.1507200000000003e-10,230.71557,8.31446261815324,1
97,9.337e-05,571.1,24486000.0,L,184098,40955.09305463736,-80.36643995617122,-28.910523083897377,-3.477136696817432 m^-2 kg^-1 s^2 mol K,-1.4674682617356687 m^-2 kg^-1 s^2 mol K,-27981.270580861623,-32131.78582328004,-15620.986090066248,-11470.470847647832,2.4416987617777362e-05,-4.891171544004313,-28.151144741494647,-23.259973197490336,-23238.504500258045,-26528.224994189637,39704.09877615078,2.5186316547264738e-05,2440.499212626467,0.0004097522321770386,-0.00038456591562977384,-1.9744038581848145e-07,5.3365298092180946e-05,5.8532695079846315e-05,2.252194493820625e-05,1.0968306591062122,0.018011,2.36948,2.1507200000000003e-10,230.71557,8.31446261815324,1
98,9.265e-05,571.1,22426000.0,L,184098,40808.353399555526,-80.246728847207,-28.82065569458021,-3.466328134262715 m^-2 kg^-1 s^2 mol K,-1.462906685965999 m^-2 kg^-1 s^2 mol K,-27914.962487432833,-32113.80773972682,-15654.331272552066,-11455.486020258078,2.450478680697986e-05,-4.891171544004313,-28.151144741494647,-23.259973197490336,-23238.504500258045,-26528.224994189637,39704.09877615078,2.5186316547264738e-05,2440.499212626467,0.0004097522321770386,-0.00038456591562977384,-1.9744038581848145e-07,5.3365298092180946e-05,5.8532695079846315e-05,2.252194493820625e-05,1.0968306591062122,0.018011,2.36948,2.1507200000000003e-10,230.71557,8.31446261815324,1
99,9.167000000000001e-05,571.1,20511000.0,L,184098,40668.446739925894,-80.13268915335519,-28.735170137190117,-3.4560465849532687 m^-2 kg^-1 s^2 mol K,-1.4585675274546606 m^-2 kg^-1 s^2 mol K,-27851.64380394763,-32095.68662913093,-15685.030963781654,-11440.988138598355,2.4589087613672215e-05,-4.891171544004313,-28.151144741494647,-23.259973197490336,-23238.504500258045,-26528.224994189637,39704.09877615078,2.5186316547264738e-05,2440.499212626467,0.0004097522321770386,-0.00038456591562977384,-1.9744038581848145e-07,5.3365298092180946e-05,5.8532695079846315e-05,2.252194493820625e-05,1.0968306591062122,0.018011,2.36948,2.1507200000000003e-10,230.71557,8.31446261815324,1
100,9.167000000000001e-05,571.1,19557000.0,L,184098,40597.42787831932,-80.07483670160174,-28.69184983249362,-3.450836349886252 m^-2 kg^-1 s^2 mol K,-1.4563686335762498 m^-2 kg^-1 s^2 mol K,-27819.465971328904,-32086.12554624476,-15700.210106907649,-11433.550531991796,2.4632102383364062e-05,-4.891171544004313,-28.151144741494647,-23.259973197490336,-23238.504500258045,-26528.224994189637,39704.09877615078,2.5186316547264738e-05,2440.499212626467,0.0004097522321770386,-0.00038456591562977384,-1.9744038581848145e-07,5.3365298092180946e-05,5.8532695079846315e-05,2.252194493820625e-05,1.0968306591062122,0.018011,2.36948,2.1507200000000003e-10,230.71557,8.31446261815324,1
101,9.143999999999999e-05,571.1,18278000.0,L,184098,40500.775354961974,-79.99614146067282,-28.632972889402236,-3.4437550812829345 m^-2 kg^-1 s^2 mol K,-1.4533801008166074 m^-2 kg^-1 s^2 mol K,-27775.635007010704,-32072.724606205815,-15720.433789068196,-11423.344189873087,2.4690885328383828e-05,-4.891171544004313,-28.151144741494647,-23.259973197490336,-23238.504500258045,-26528.224994189637,39704.09877615078,2.5186316547264738e-05,2440.499212626467,0.0004097522321770386,-0.00038456591562977384,-1.9744038581848145e-07,5.3365298092180946e-05,5.8532695079846315e-05,2.252194493820625e-05,1.0968306591062122,0.018011,2.36948,2.1507200000000003e-10,230.71557,8.31446261815324,1
