viscosity,temperature,pressure,state,refno,rho,s_total,s_res,s_res*,s_res**,E_res,H_res,G_res,A_res,V,s_res_vle_gas,s_res_vle_liq,s_vap,dE_vap,dH_vap,rho_vap_liq,V_vap_liq,rho_vap_gas,V_vap_gas,dV_vap,dpressure,eta_CE,eta_CE_ig,eta_CE_m,omega22,M,m,sigma,epsilon,R,success
0.002133,294.59,101320.0,Liquid,33251,13145.627530404628,-134.97411324070316,-85.83303420330684,-10.323341164094568 m^-2 kg^-1 s^2 mol K,-3.4414578671515716 m^-2 kg^-1 s^2 mol K,-46359.917603841684,-48801.56764075655,-23516.014094804388,-21074.36405788952,7.607092150504735e-05,-0.040163229425924915,-85.82600393060306,-85.78584070117714,-46342.47498461207,-48788.330152156064,13144.541929259098,7.607720416441821e-05,0.8892290495563561,1.1245696488423411,-1.1244935716381768,5.054107532487251e-08,2.3671541466153304e-05,3.358281697047689e-05,7.891302952346336e-06,1.4187000461501502,0.0600956,2.9997,3.2522000000000004e-10,233.4,8.31446261815324,1
0.001954,298.17,101320.0,Liquid,33251,13097.378005329176,-132.8436956802308,-84.76830858894186,-10.19528410698058 m^-2 kg^-1 s^2 mol K,-3.3987679124514387 m^-2 kg^-1 s^2 mol K,-46035.32266405861,-48506.71008341051,-23231.343511445713,-20759.956092093813,7.635115972014484e-05,-0.04576223530460136,-84.76124131986803,-84.71547908456343,-46015.34689521251,-48490.24450452547,13096.280629699699,7.635755740696359e-05,1.1158110190589317,0.8962091097141109,-0.896132752156704,7.781736712786369e-07,2.394988504615008e-05,3.378625806637542e-05,7.984093424725833e-06,1.4107064815247008,0.0600956,2.9997,3.2522000000000004e-10,233.4,8.31446261815324,1
0.001734,303.11,101320.0,Liquid,33251,13030.40345006258,-129.91552267274088,-83.30716242194752,-10.019548616414518 m^-2 kg^-1 s^2 mol K,-3.3401835571605556 m^-2 kg^-1 s^2 mol K,-45583.27203311934,-48095.69313630173,-22844.459134585217,-20332.038031402826,7.674359461181514e-05,-0.054441690226235434,-83.30005352218191,-83.24561183195567,-45559.25588601347,-48074.018523496205,13029.291575504125,7.675014364403832e-05,1.5092291731544738,0.6625898954165308,-0.6625131452728867,4.320509106037207e-08,2.433203793253416e-05,3.4064989121377934e-05,8.111490459890709e-06,1.4000055899892352,0.0600956,2.9997,3.2522000000000004e-10,233.4,8.31446261815324,1
0.001545,308.13,101320.0,Liquid,33251,12961.808927342372,-126.95338552397583,-81.83182670934917,-9.842106515781676 m^-2 kg^-1 s^2 mol K,-3.281030274954721 m^-2 kg^-1 s^2 mol K,-45119.012818966505,-47673.13137531611,-22458.290611364355,-19904.172055014744,7.714972544384168e-05,-0.06448586263929022,-81.82469225182157,-81.76020638918229,-45090.16324936863,-47645.142793885134,12960.685281317585,7.715641405485466e-05,2.0255558102649918,0.4936916548693742,-0.49361449845531935,-7.089156497386284e-07,2.471808899821726e-05,3.434591685778487e-05,8.240187018107564e-06,1.389505348097986,0.0600956,2.9997,3.2522000000000004e-10,233.4,8.31446261815324,1
0.001384,313.05,101320.0,Liquid,33251,12893.987126453445,-124.06314710258863,-80.39507025252851,-9.669304433097011 m^-2 kg^-1 s^2 mol K,-3.223423820081012 m^-2 kg^-1 s^2 mol K,-44659.26755486256,-47254.25215121828,-22086.57540866422,-19491.590812308506,7.755552958079111e-05,-0.07562861831461958,-80.38793447141654,-80.31230585310192,-44624.876048744474,-47218.931231911854,12892.856025959127,7.756233358896971e-05,2.671085338710699,0.3743796521614274,-0.3743020898278384,-1.2881446309620515e-07,2.509422578234266e-05,3.461903647852077e-05,8.365578485296084e-06,1.3795618473665028,0.0600956,2.9997,3.2522000000000004e-10,233.4,8.31446261815324,1
0.001241,318.07,101320.0,Liquid,33251,12824.109236286266,-121.127074413416,-78.93843792709798,-9.494111832886118 m^-2 kg^-1 s^2 mol K,-3.165020446340007 m^-2 kg^-1 s^2 mol K,-44185.40145438702,-46822.081835663055,-21714.132884190993,-19077.452502914963,7.797812554266654e-05,-0.08843018136468968,-78.93133432353008,-78.8429041421654,-44144.4310812632,-46777.94834118906,12822.97621761413,7.798501557121831e-05,3.502194319128486,0.28553526985585653,-0.2854572848402853,5.295696610119194e-07,2.547576749866343e-05,3.48955041182016e-05,8.49277177673215e-06,1.3697528100000274,0.0600956,2.9997,3.2522000000000004e-10,233.4,8.31446261815324,1
0.001116,323.11,101320.0,Liquid,33251,12753.191138141914,-118.19220119985577,-77.48544916859265,-9.319357453050076 m^-2 kg^-1 s^2 mol K,-3.106763160666092 m^-2 kg^-1 s^2 mol K,-43704.85389796068,-46383.39523628207,-21347.0717554181,-18668.530417096714,7.841174723785217e-05,-0.10285089337124344,-77.4784235799862,-77.37557268661496,-43656.22650995619,-46328.880071442974,12752.063895331388,7.841867859257718e-05,4.546834056347741,0.21993325193030097,-0.2198548332517084,2.9633156373165548e-08,2.5856592261700862e-05,3.517088705788208e-05,8.619726059839606e-06,1.3602290163339767,0.0600956,2.9997,3.2522000000000004e-10,233.4,8.31446261815324,1
0.001009,328.09,101320.0,Liquid,33251,12682.29463336655,-115.30476098348805,-76.05904135765833,-9.147800026377666 m^-2 kg^-1 s^2 mol K,-3.0495716326224844 m^-2 kg^-1 s^2 mol K,-43225.37184393971,-45945.27479379601,-20991.063914761886,-18271.16096490559,7.885008422443086e-05,-0.11875847262488638,-76.0521518411505,-75.93339336852561,-43168.024205485635,-45878.79811299418,12681.183012734906,7.885699614899995e-05,5.824981024665718,0.17167437898347276,-0.17159552198732375,-1.2757118383888155e-07,2.623072717584695e-05,3.5440889968726426e-05,8.744450170299348e-06,1.3511211386224975,0.0600956,2.9997,3.2522000000000004e-10,233.4,8.31446261815324,1
0.002202,298.16,15300000.0,Liquid,33251,13259.067167653944,-133.99940642323924,-85.81911640100407,-10.321667237234594 m^-2 kg^-1 s^2 mol K,-3.440899835728438 m^-2 kg^-1 s^2 mol K,-46372.02021976751,-47697.13306211524,-22109.305315991853,-20784.192473644132,7.542008705103647e-05,-0.04574581040453854,-84.76420864723954,-84.718462836835,-46016.26462823254,-48491.08128104953,13096.415754950176,7.6356769570485e-05,1.1151145638240312,0.8967688454993611,-0.8966924887297906,2.5620011001592502e-08,2.394910918586924e-05,3.378569150130598e-05,7.983834778767624e-06,1.4107285260213625,0.0600956,2.9997,3.2522000000000004e-10,233.4,8.31446261815324,1
0.001954,298.17,100000.0,Liquid,33251,13097.363312634729,-132.8435917253959,-84.76821396131177,-10.195272725892655 m^-2 kg^-1 s^2 mol K,-3.3987641183760564 m^-2 kg^-1 s^2 mol K,-46035.29167646713,-48506.77987078478,-23231.44151394045,-20759.953319622793,7.635124537129719e-05,-0.04576223530460136,-84.76124131986803,-84.71547908456343,-46015.34689521251,-48490.24450452547,13096.280629699699,7.635755740696359e-05,1.1158110190589317,0.8962091097141109,-0.896132752156704,7.781736712786369e-07,2.394988504615008e-05,3.378625806637542e-05,7.984093424725833e-06,1.4107064815247008,0.0600956,2.9997,3.2522000000000004e-10,233.4,8.31446261815324,1
0.002153,298.17,12260000.0,Liquid,33251,13227.771436805613,-133.77062349540947,-85.61286952674386,-10.296861439947119 m^-2 kg^-1 s^2 mol K,-3.4326304096900087 m^-2 kg^-1 s^2 mol K,-46307.12413009516,-47859.40954140288,-22332.22023461366,-20779.93482330594,7.559852426974584e-05,-0.04576223530460136,-84.76124131986803,-84.71547908456343,-46015.34689521251,-48490.24450452547,13096.280629699699,7.635755740696359e-05,1.1158110190589317,0.8962091097141109,-0.896132752156704,7.781736712786369e-07,2.394988504615008e-05,3.378625806637542e-05,7.984093424725833e-06,1.4107064815247008,0.0600956,2.9997,3.2522000000000004e-10,233.4,8.31446261815324,1
0.0021019999999999,298.18,9220000.0,Liquid,33251,13195.924459255602,-133.53843168928938,-85.4036076172146,-10.271693017267296 m^-2 kg^-1 s^2 mol K,-3.4242400964320754 m^-2 kg^-1 s^2 mol K,-46240.7099247727,-48021.215813809744,-22555.568094508693,-20775.062205471648,7.578097336701571e-05,-0.04577866469838563,-84.75827403085749,-84.7124953661591,-46014.429139919586,-48489.407704747224,13096.14550260354,7.63583452704613e-05,1.1165078496108547,0.8956497711579349,-0.8955734128126644,6.041186679794919e-07,2.3950660897256876e-05,3.378682462194424e-05,7.984352067625721e-06,1.4106844385999353,0.0600956,2.9997,3.2522000000000004e-10,233.4,8.31446261815324,1
0.0022519999999999,298.18,18340000.0,Liquid,33251,13289.454421306475,-134.20722487039754,-86.013677484657,-10.345067556965196 m^-2 kg^-1 s^2 mol K,-3.4487007223939714 m^-2 kg^-1 s^2 mol K,-46432.807940041486,-47531.972799211304,-21884.414446836283,-20785.249587666465,7.524763382285568e-05,-0.04577866469838563,-84.75827403085749,-84.7124953661591,-46014.429139919586,-48489.407704747224,13096.14550260354,7.63583452704613e-05,1.1165078496108547,0.8956497711579349,-0.8955734128126644,6.041186679794919e-07,2.3950660897256876e-05,3.378682462194424e-05,7.984352067625721e-06,1.4106844385999353,0.0600956,2.9997,3.2522000000000004e-10,233.4,8.31446261815324,1
0.002405,298.18,27460000.0,Liquid,33251,13378.432990289642,-134.84785642063528,-86.59882569498555,-10.41544471027045 m^-2 kg^-1 s^2 mol K,-3.472162119635447 m^-2 kg^-1 s^2 mol K,-46612.394202390504,-47039.043388054895,-21217.00554232411,-20790.356356659722,7.47471696218699e-05,-0.04577866469838563,-84.75827403085749,-84.7124953661591,-46014.429139919586,-48489.407704747224,13096.14550260354,7.63583452704613e-05,1.1165078496108547,0.8956497711579349,-0.8955734128126644,6.041186679794919e-07,2.3950660897256876e-05,3.378682462194424e-05,7.984352067625721e-06,1.4106844385999353,0.0600956,2.9997,3.2522000000000004e-10,233.4,8.31446261815324,1
0.0020499999999999,298.18,6080000.0,Liquid,33251,13162.561658387207,-133.30098230856686,-85.18720602410438,-10.245665888028933 m^-2 kg^-1 s^2 mol K,-3.415563519028214 m^-2 kg^-1 s^2 mol K,-46171.375484608565,-48188.665783303615,-22787.544691036168,-20770.254392341118,7.597305341873162e-05,-0.04577866469838563,-84.75827403085749,-84.7124953661591,-46014.429139919586,-48489.407704747224,13096.14550260354,7.63583452704613e-05,1.1165078496108547,0.8956497711579349,-0.8955734128126644,6.041186679794919e-07,2.3950660897256876e-05,3.378682462194424e-05,7.984352067625721e-06,1.4106844385999353,0.0600956,2.9997,3.2522000000000004e-10,233.4,8.31446261815324,1
0.002003,298.18,3140000.0,Liquid,33251,13130.744440805714,-133.07506875467473,-84.98141494505981,-10.220914910305458 m^-2 kg^-1 s^2 mol K,-3.407312368005287 m^-2 kg^-1 s^2 mol K,-46104.86020946649,-48344.933239640945,-23005.174931323007,-20765.10190114855,7.615714436512475e-05,-0.04577866469838563,-84.75827403085749,-84.7124953661591,-46014.429139919586,-48489.407704747224,13096.14550260354,7.63583452704613e-05,1.1165078496108547,0.8956497711579349,-0.8955734128126644,6.041186679794919e-07,2.3950660897256876e-05,3.378682462194424e-05,7.984352067625721e-06,1.4106844385999353,0.0600956,2.9997,3.2522000000000004e-10,233.4,8.31446261815324,1
0.002303,298.18,21380000.0,Liquid,33251,13319.592721074108,-134.4237300886191,-86.21134821605108,-10.368841881352981 m^-2 kg^-1 s^2 mol K,-3.4566262897466355 m^-2 kg^-1 s^2 mol K,-46493.98494332896,-47368.03722171435,-21661.537410652232,-20787.485132266836,7.507737067799463e-05,-0.04577866469838563,-84.75827403085749,-84.7124953661591,-46014.429139919586,-48489.407704747224,13096.14550260354,7.63583452704613e-05,1.1165078496108547,0.8956497711579349,-0.8955734128126644,6.041186679794919e-07,2.3950660897256876e-05,3.378682462194424e-05,7.984352067625721e-06,1.4106844385999353,0.0600956,2.9997,3.2522000000000004e-10,233.4,8.31446261815324,1
0.002352,298.19,24320000.0,Liquid,33251,13348.153780336943,-134.62437053038175,-86.39706710313959,-10.391178729279032 m^-2 kg^-1 s^2 mol K,-3.464072650358047 m^-2 kg^-1 s^2 mol K,-46551.0041437787,-47208.31893797373,-21445.577498488536,-20788.262704293513,7.491672754572935e-05,-0.045795098586697,-84.75530678020695,-84.70951168162026,-46013.511362353405,-48488.57088171402,13096.010373661147,7.635913316098252e-05,1.1172050556461717,0.8950908295179686,-0.8950144703848076,4.9371010391041636e-08,2.3951436739189574e-05,3.378739116801291e-05,7.984610707467271e-06,1.4106623972469114,0.0600956,2.9997,3.2522000000000004e-10,233.4,8.31446261815324,1
0.001116,323.11,100000.0,Liquid,33251,12753.174455709548,-118.19208634573847,-77.48534519061994,-9.319344947374425 m^-2 kg^-1 s^2 mol K,-3.1067589916906444 m^-2 kg^-1 s^2 mol K,-43704.81679777157,-46383.46162934224,-21347.171744801028,-18668.526913230366,7.841184980828862e-05,-0.10285089337124344,-77.4784235799862,-77.37557268661496,-43656.22650995619,-46328.880071442974,12752.063895331388,7.841867859257718e-05,4.546834056347741,0.21993325193030097,-0.2198548332517084,2.9633156373165548e-08,2.5856592261700862e-05,3.517088705788208e-05,8.619726059839606e-06,1.3602290163339767,0.0600956,2.9997,3.2522000000000004e-10,233.4,8.31446261815324,1
0.001381,323.17,27860000.0,Liquid,33251,13071.587174540226,-120.37522961697681,-79.48051546401732,-9.559308774867167 m^-2 kg^-1 s^2 mol K,-3.186754933782434 m^-2 kg^-1 s^2 mol K,-44390.11803752838,-44945.76266238754,-19260.044479881068,-18704.399855021904,7.650180400033737e-05,-0.1030325040071301,-77.46118429859419,-77.35815179458706,-43650.37904318529,-46323.49529684456,12751.214858743917,7.842390008151012e-05,4.56069541863008,0.21926480683517674,-0.21918638293509524,-5.483743734657764e-07,2.5861112570853943e-05,3.517415244005309e-05,8.62123298024934e-06,1.3601175256355813,0.0600956,2.9997,3.2522000000000004e-10,233.4,8.31446261815324,1
0.001346,323.18,24320000.0,Liquid,33251,13033.838017760569,-120.10597561871803,-79.23815193851503,-9.530159142878551 m^-2 kg^-1 s^2 mol K,-3.177037418034654 m^-2 kg^-1 s^2 mol K,-44309.80012325372,-45130.95575041858,-19522.7698069293,-18701.61417976444,7.672337178330353e-05,-0.10306279572869803,-77.4583112160722,-77.3552484203435,-43649.40438388714,-46322.59774518649,12751.07334123235,7.84247704674682e-05,4.56300909765627,0.21915362836195898,-0.21907520359149152,7.541457307524979e-07,2.5861865925468494e-05,3.517469664094336e-05,8.621484123568522e-06,1.36009894809267,0.0600956,2.9997,3.2522000000000004e-10,233.4,8.31446261815324,1
0.001171,323.18,6080000.0,Liquid,33251,12826.135412183598,-118.66156820621924,-77.92730790270024,-9.372500843597393 m^-2 kg^-1 s^2 mol K,-3.1244793958053787 m^-2 kg^-1 s^2 mol K,-43861.595972756084,-46074.6318942312,-20890.084526236536,-18677.048604761425,7.796580714796571e-05,-0.10306279572869803,-77.4583112160722,-77.3552484203435,-43649.40438388714,-46322.59774518649,12751.07334123235,7.84247704674682e-05,4.56300909765627,0.21915362836195898,-0.21907520359149152,7.541457307524979e-07,2.5861865925468494e-05,3.517469664094336e-05,8.621484123568522e-06,1.36009894809267,0.0600956,2.9997,3.2522000000000004e-10,233.4,8.31446261815324,1
0.001288,323.2,18240000.0,Liquid,33251,12967.046313851155,-119.62990936981188,-78.81049167617006,-9.47872343596813 m^-2 kg^-1 s^2 mol K,-3.1598904677028137 m^-2 kg^-1 s^2 mol K,-44166.17903665931,-45446.77073489091,-19975.219825152744,-18694.62812692115,7.71185646905432e-05,-0.10312339913648877,-77.4525651633515,-77.349441764215,-43647.45499542689,-46320.802565382306,12750.790296420984,7.84265113575501e-05,4.567639417528883,0.21893146734884017,-0.2188530408374826,-5.419824447017163e-07,2.5863372608777376e-05,3.517578501746608e-05,8.621986401565948e-06,1.3600617966400987,0.0600956,2.9997,3.2522000000000004e-10,233.4,8.31446261815324,1
0.001259,323.2,15300000.0,Liquid,33251,12933.949430537177,-119.39948070006342,-78.60131183805596,-9.45356488421069 m^-2 kg^-1 s^2 mol K,-3.151503445081405 m^-2 kg^-1 s^2 mol K,-44095.01272019031,-45599.31369831997,-20195.36971226028,-18691.068734130615,7.731590457892084e-05,-0.10312339913648877,-77.4525651633515,-77.349441764215,-43647.45499542689,-46320.802565382306,12750.790296420984,7.84265113575501e-05,4.567639417528883,0.21893146734884017,-0.2188530408374826,-5.419824447017163e-07,2.5863372608777376e-05,3.517578501746608e-05,8.621986401565948e-06,1.3600617966400987,0.0600956,2.9997,3.2522000000000004e-10,233.4,8.31446261815324,1
0.001317,323.2,21380000.0,Liquid,33251,13001.720387591957,-119.87179848336416,-79.03017746643185,-9.50514556333234 m^-2 kg^-1 s^2 mol K,-3.168698724316545 m^-2 kg^-1 s^2 mol K,-44240.28469384365,-45283.12124291678,-19740.567885766013,-18697.73133669288,7.691289846183268e-05,-0.10312339913648877,-77.4525651633515,-77.349441764215,-43647.45499542689,-46320.802565382306,12750.790296420984,7.84265113575501e-05,4.567639417528883,0.21893146734884017,-0.2188530408374826,-5.419824447017163e-07,2.5863372608777376e-05,3.517578501746608e-05,8.621986401565948e-06,1.3600617966400987,0.0600956,2.9997,3.2522000000000004e-10,233.4,8.31446261815324,1
0.00114,323.21,2940000.0,Liquid,33251,12787.29123757202,-118.37883162890375,-77.67832366087134,-9.342554922464105 m^-2 kg^-1 s^2 mol K,-3.1144964237970814 m^-2 kg^-1 s^2 mol K,-43774.0412893207,-46231.44297518189,-21125.03198475166,-18667.630298890475,7.820264522182529e-05,-0.10315371082458345,-77.44969219315298,-77.3465384823284,-43646.48026626384,-46319.90493723372,12750.648769120076,7.842738186168469e-05,4.569956059038123,0.21882048472266458,-0.2187420573408029,2.320484782103449e-07,2.5864125937472492e-05,3.5176329193099304e-05,8.622237536244456e-06,1.3600432227301793,0.0600956,2.9997,3.2522000000000004e-10,233.4,8.31446261815324,1
0.001228,323.22,12260000.0,Liquid,33251,12898.785721602504,-119.1454720458226,-78.37562765402065,-9.426421315900868 m^-2 kg^-1 s^2 mol K,-3.142454684102033 m^-2 kg^-1 s^2 mol K,-44017.656415474405,-45754.57995750556,-20422.009587172997,-18685.08604514185,7.752667743950733e-05,-0.10318402917006349,-77.44681926039578,-77.34363523122572,-43645.505513811506,-46319.00728358615,12750.507238554914,7.84282524052224e-05,4.572273688704849,0.2187095672926049,-0.21863113904019968,-2.0170045900158584e-07,2.5864879257528556e-05,3.51768733603143e-05,8.62248866804299e-06,1.3600246500309985,0.0600956,2.9997,3.2522000000000004e-10,233.4,8.31446261815324,1
0.001199,323.22,9220000.0,Liquid,33251,12863.167999202604,-118.89848747062696,-78.15163375828509,-9.399481042545556 m^-2 kg^-1 s^2 mol K,-3.133473694884674 m^-2 kg^-1 s^2 mol K,-43940.1301811615,-45910.75557423926,-20650.584510886343,-18679.959117808587,7.774134646006261e-05,-0.10318402917006349,-77.44681926039578,-77.34363523122572,-43645.505513811506,-46319.00728358615,12750.507238554914,7.84282524052224e-05,4.572273688704849,0.2187095672926049,-0.21863113904019968,-2.0170045900158584e-07,2.5864879257528556e-05,3.51768733603143e-05,8.62248866804299e-06,1.3600246500309985,0.0600956,2.9997,3.2522000000000004e-10,233.4,8.31446261815324,1
0.0028079999999999,283.15,100000.0,Liquid,34968,13298.516049754342,-141.83075475139464,-89.26892701355605,-10.73658408405761 m^-2 kg^-1 s^2 mol K,-3.5792192832808647 m^-2 kg^-1 s^2 mol K,-47380.0811949235,-49726.80164925617,-24450.304965367766,-22103.5845110351,7.519635997419972e-05,-0.02571894751512011,-89.26212298701284,-89.23640403949773,-47368.901180336245,-49721.28012987701,13297.485648347652,7.520218682275925e-05,0.4098834815047031,2.4397177371699614,-2.4396425349831388,-3.865238795697223e-09,2.277430429639307e-05,3.2924289010791026e-05,7.592193984862843e-06,1.445677048233938,0.0600956,2.9997,3.2522000000000004e-10,233.4,8.31446261815324,1
0.003054,283.15,9900000.0,Liquid,34968,13397.679879360949,-142.55057995296744,-89.9269832838094,-10.815730061431614 m^-2 kg^-1 s^2 mol K,-3.6056039142019585 m^-2 kg^-1 s^2 mol K,-47581.14841916034,-49196.454597862125,-23733.629281051493,-22118.323102349706,7.463978905336396e-05,-0.02571894751512011,-89.26212298701284,-89.23640403949773,-47368.901180336245,-49721.28012987701,13297.485648347652,7.520218682275925e-05,0.4098834815047031,2.4397177371699614,-2.4396425349831388,-3.865238795697223e-09,2.277430429639307e-05,3.2924289010791026e-05,7.592193984862843e-06,1.445677048233938,0.0600956,2.9997,3.2522000000000004e-10,233.4,8.31446261815324,1
0.003293,283.15,19700000.0,Liquid,34968,13491.766064119322,-143.23919968109465,-90.5574181567934,-10.891553948306461 m^-2 kg^-1 s^2 mol K,-3.6308810708759083 m^-2 kg^-1 s^2 mol K,-47768.45502431674,-48662.54527908222,-23021.212327986163,-22127.122073220686,7.411928099312737e-05,-0.02571894751512011,-89.26212298701284,-89.23640403949773,-47368.901180336245,-49721.28012987701,13297.485648347652,7.520218682275925e-05,0.4098834815047031,2.4397177371699614,-2.4396425349831388,-3.865238795697223e-09,2.277430429639307e-05,3.2924289010791026e-05,7.592193984862843e-06,1.445677048233938,0.0600956,2.9997,3.2522000000000004e-10,233.4,8.31446261815324,1
0.003536,283.15,29500000.0,Liquid,34968,13581.369287295482,-143.900304613183,-91.16348658423249,-10.964447225391602 m^-2 kg^-1 s^2 mol K,-3.6551812599231934 m^-2 kg^-1 s^2 mol K,-47943.641518804725,-48125.78839997692,-22312.847173651488,-22130.70029247929,7.363027827653853e-05,-0.02571894751512011,-89.26212298701284,-89.23640403949773,-47368.901180336245,-49721.28012987701,13297.485648347652,7.520218682275925e-05,0.4098834815047031,2.4397177371699614,-2.4396425349831388,-3.865238795697223e-09,2.277430429639307e-05,3.2924289010791026e-05,7.592193984862843e-06,1.445677048233938,0.0600956,2.9997,3.2522000000000004e-10,233.4,8.31446261815324,1
0.003802,283.15,39300000.0,Liquid,34968,13666.979921621893,-144.53694118168974,-91.74787714285914,-11.034733254142363 m^-2 kg^-1 s^2 mol K,-3.678612279275382 m^-2 kg^-1 s^2 mol K,-48108.0604098622,-47586.75665470636,-21608.3452417058,-22129.64899686164,7.316905459251802e-05,-0.02571894751512011,-89.26212298701284,-89.23640403949773,-47368.901180336245,-49721.28012987701,13297.485648347652,7.520218682275925e-05,0.4098834815047031,2.4397177371699614,-2.4396425349831388,-3.865238795697223e-09,2.277430429639307e-05,3.2924289010791026e-05,7.592193984862843e-06,1.445677048233938,0.0600956,2.9997,3.2522000000000004e-10,233.4,8.31446261815324,1
0.004083,283.15,49100000.0,Liquid,34968,13749.007709775336,-145.15165730232744,-92.31283988437053,-11.102682653575334 m^-2 kg^-1 s^2 mol K,-3.7012643442928743 m^-2 kg^-1 s^2 mol K,-48262.84156089424,-47045.91484148497,-20907.534228225453,-22124.46094763472,7.273252158328598e-05,-0.02571894751512011,-89.26212298701284,-89.23640403949773,-47368.901180336245,-49721.28012987701,13297.485648347652,7.520218682275925e-05,0.4098834815047031,2.4397177371699614,-2.4396425349831388,-3.865238795697223e-09,2.277430429639307e-05,3.2924289010791026e-05,7.592193984862843e-06,1.445677048233938,0.0600956,2.9997,3.2522000000000004e-10,233.4,8.31446261815324,1
0.004325,283.15,58900000.0,Liquid,34968,13827.798984294117,-145.74660844776423,-92.86027944541529,-11.168524498825741 m^-2 kg^-1 s^2 mol K,-3.7232138209906798 m^-2 kg^-1 s^2 mol K,-48408.93972738919,-46503.64436548292,-20210.256240513587,-22115.551602419855,7.231808917209597e-05,-0.02571894751512011,-89.26212298701284,-89.23640403949773,-47368.901180336245,-49721.28012987701,13297.485648347652,7.520218682275925e-05,0.4098834815047031,2.4397177371699614,-2.4396425349831388,-3.865238795697223e-09,2.277430429639307e-05,3.2924289010791026e-05,7.592193984862843e-06,1.445677048233938,0.0600956,2.9997,3.2522000000000004e-10,233.4,8.31446261815324,1
0.004595,283.15,68800000.0,Liquid,34968,13904.40919112037,-146.32943781948705,-93.39717130526485,-11.233097747213119 m^-2 kg^-1 s^2 mol K,-3.744740389776684 m^-2 kg^-1 s^2 mol K,-48548.54232630665,-45954.71169645565,-19509.30264136991,-22103.133271220908,7.191963256077214e-05,-0.02571894751512011,-89.26212298701284,-89.23640403949773,-47368.901180336245,-49721.28012987701,13297.485648347652,7.520218682275925e-05,0.4098834815047031,2.4397177371699614,-2.4396425349831388,-3.865238795697223e-09,2.277430429639307e-05,3.2924289010791026e-05,7.592193984862843e-06,1.445677048233938,0.0600956,2.9997,3.2522000000000004e-10,233.4,8.31446261815324,1
0.004866,283.15,78600000.0,Liquid,34968,13977.547389497207,-146.88997140229358,-93.91408483512639,-11.295268154803015 m^-2 kg^-1 s^2 mol K,-3.7654659315274914 m^-2 kg^-1 s^2 mol K,-48679.53642022377,-45410.47237788028,-18818.699256814245,-22087.763299157737,7.154330957599933e-05,-0.02571894751512011,-89.26212298701284,-89.23640403949773,-47368.901180336245,-49721.28012987701,13297.485648347652,7.520218682275925e-05,0.4098834815047031,2.4397177371699614,-2.4396425349831388,-3.865238795697223e-09,2.277430429639307e-05,3.2924289010791026e-05,7.592193984862843e-06,1.445677048233938,0.0600956,2.9997,3.2522000000000004e-10,233.4,8.31446261815324,1
0.005128,283.15,88400000.0,Liquid,34968,14048.22286499495,-147.43556278637283,-94.41774125439376,-11.355844098480688 m^-2 kg^-1 s^2 mol K,-3.785659932153445 m^-2 kg^-1 s^2 mol K,-48803.979367645865,-44865.60858117433,-18131.22514499274,-22069.59593146427,7.118338095929399e-05,-0.02571894751512011,-89.26212298701284,-89.23640403949773,-47368.901180336245,-49721.28012987701,13297.485648347652,7.520218682275925e-05,0.4098834815047031,2.4397177371699614,-2.4396425349831388,-3.865238795697223e-09,2.277430429639307e-05,3.2924289010791026e-05,7.592193984862843e-06,1.445677048233938,0.0600956,2.9997,3.2522000000000004e-10,233.4,8.31446261815324,1
0.005399,283.15,98200000.0,Liquid,34968,14116.628849923669,-147.96741797421527,-94.90920850562178,-11.414954022212255 m^-2 kg^-1 s^2 mol K,-3.805365210591811 m^-2 kg^-1 s^2 mol K,-48922.403115065514,-44320.30815940262,-17446.765771035814,-22048.860726698713,7.083844242355407e-05,-0.02571894751512011,-89.26212298701284,-89.23640403949773,-47368.901180336245,-49721.28012987701,13297.485648347652,7.520218682275925e-05,0.4098834815047031,2.4397177371699614,-2.4396425349831388,-3.865238795697223e-09,2.277430429639307e-05,3.2924289010791026e-05,7.592193984862843e-06,1.445677048233938,0.0600956,2.9997,3.2522000000000004e-10,233.4,8.31446261815324,1
0.005694,283.15,108000000.0,Liquid,34968,14182.935456201285,-148.48659926170606,-95.38942772273474,-11.472711118391206 m^-2 kg^-1 s^2 mol K,-3.8246195014138773 m^-2 kg^-1 s^2 mol K,-49035.27576388816,-43774.731148081984,-16765.21468838965,-22025.759304195824,7.050726579755845e-05,-0.02571894751512011,-89.26212298701284,-89.23640403949773,-47368.901180336245,-49721.28012987701,13297.485648347652,7.520218682275925e-05,0.4098834815047031,2.4397177371699614,-2.4396425349831388,-3.865238795697223e-09,2.277430429639307e-05,3.2924289010791026e-05,7.592193984862843e-06,1.445677048233938,0.0600956,2.9997,3.2522000000000004e-10,233.4,8.31446261815324,1
0.005941,283.15,117800000.0,Liquid,34968,14247.293320293906,-148.99404780491537,-95.8592330958229,-11.529215717024245 m^-2 kg^-1 s^2 mol K,-3.8434562512998784 m^-2 kg^-1 s^2 mol K,-49143.01163985778,-43229.01457441842,-16086.472723336168,-22000.469788775525,7.01887704224911e-05,-0.02571894751512011,-89.26212298701284,-89.23640403949773,-47368.901180336245,-49721.28012987701,13297.485648347652,7.520218682275925e-05,0.4098834815047031,2.4397177371699614,-2.4396425349831388,-3.865238795697223e-09,2.277430429639307e-05,3.2924289010791026e-05,7.592193984862843e-06,1.445677048233938,0.0600956,2.9997,3.2522000000000004e-10,233.4,8.31446261815324,1
0.001968,298.15,100000.0,Liquid,34968,13097.633499449174,-132.8554737842579,-84.77414846716101,-10.19598648288716 m^-2 kg^-1 s^2 mol K,-3.3990020611685035 m^-2 kg^-1 s^2 mol K,-46037.112091068,-48508.43415363575,-23233.021788151695,-20761.69972558394,7.634967034633054e-05,-0.04572938999741163,-84.76717601297311,-84.7214466229757,-46017.18233898012,-48491.91803432012,13096.550878355583,7.635598176102081e-05,1.1144184837398217,0.8973289788268314,-0.8972526228450703,-1.1717384040821344e-07,2.394833331641439e-05,3.378512492673542e-05,7.983576129751106e-06,1.4107505720900757,0.0600956,2.9997,3.2522000000000004e-10,233.4,8.31446261815324,1
0.002126,298.15,9900000.0,Liquid,34968,13203.458974147381,-133.60709983186908,-85.45886575783497,-10.27833904397499 m^-2 kg^-1 s^2 mol K,-3.4264556602243528 m^-2 kg^-1 s^2 mol K,-46258.18765144778,-47987.34116218556,-22507.780336487074,-20778.626825749285,7.573772917824175e-05,-0.04572938999741163,-84.76717601297311,-84.7214466229757,-46017.18233898012,-48491.91803432012,13096.550878355583,7.635598176102081e-05,1.1144184837398217,0.8973289788268314,-0.8972526228450703,-1.1717384040821344e-07,2.394833331641439e-05,3.378512492673542e-05,7.983576129751106e-06,1.4107505720900757,0.0600956,2.9997,3.2522000000000004e-10,233.4,8.31446261815324,1
0.00229,298.15,19700000.0,Liquid,34968,13303.376911288835,-134.32215068450168,-86.11123331686633,-10.356800826653167 m^-2 kg^-1 s^2 mol K,-3.452612203438066 m^-2 kg^-1 s^2 mol K,-46462.993757493976,-47461.12376615536,-21787.05955273167,-20788.92954407028,7.516888431172921e-05,-0.04572938999741163,-84.76717601297311,-84.7214466229757,-46017.18233898012,-48491.91803432012,13096.550878355583,7.635598176102081e-05,1.1144184837398217,0.8973289788268314,-0.8972526228450703,-1.1717384040821344e-07,2.394833331641439e-05,3.378512492673542e-05,7.983576129751106e-06,1.4107505720900757,0.0600956,2.9997,3.2522000000000004e-10,233.4,8.31446261815324,1
0.002449,298.15,29500000.0,Liquid,34968,13398.133610127736,-135.0052706290432,-86.73534129375238,-10.431863762834203 m^-2 kg^-1 s^2 mol K,-3.477635684513186 m^-2 kg^-1 s^2 mol K,-46653.61636530786,-46930.774184779926,-21070.632178047657,-20793.474358575597,7.463726136035049e-05,-0.04572938999741163,-84.76717601297311,-84.7214466229757,-46017.18233898012,-48491.91803432012,13096.550878355583,7.635598176102081e-05,1.1144184837398217,0.8973289788268314,-0.8972526228450703,-1.1717384040821344e-07,2.394833331641439e-05,3.378512492673542e-05,7.983576129751106e-06,1.4107505720900757,0.0600956,2.9997,3.2522000000000004e-10,233.4,8.31446261815324,1
0.002629,298.15,39300000.0,Liquid,34968,13488.334932422678,-135.66023418653063,-87.33451631695145,-10.503927953957136 m^-2 kg^-1 s^2 mol K,-3.5016594839341058 m^-2 kg^-1 s^2 mol K,-46831.748663310485,-46397.07697618133,-20358.290936282254,-20792.962623411415,7.413813528579003e-05,-0.04572938999741163,-84.76717601297311,-84.7214466229757,-46017.18233898012,-48491.91803432012,13096.550878355583,7.635598176102081e-05,1.1144184837398217,0.8973289788268314,-0.8972526228450703,-1.1717384040821344e-07,2.394833331641439e-05,3.378512492673542e-05,7.983576129751106e-06,1.4107505720900757,0.0600956,2.9997,3.2522000000000004e-10,233.4,8.31446261815324,1
0.002782,298.15,49100000.0,Liquid,34968,13574.480348645628,-136.29015624267277,-87.9115055754788,-10.573323810914575 m^-2 kg^-1 s^2 mol K,-3.5247937496798265 m^-2 kg^-1 s^2 mol K,-46998.78624875086,-45860.66190662332,-19649.84651929431,-20787.970861421858,7.366764504541594e-05,-0.04572938999741163,-84.76717601297311,-84.7214466229757,-46017.18233898012,-48491.91803432012,13096.550878355583,7.635598176102081e-05,1.1144184837398217,0.8973289788268314,-0.8972526228450703,-1.1717384040821344e-07,2.394833331641439e-05,3.378512492673542e-05,7.983576129751106e-06,1.4107505720900757,0.0600956,2.9997,3.2522000000000004e-10,233.4,8.31446261815324,1
0.002964,298.15,58900000.0,Liquid,34968,13656.987104984015,-136.8976413533706,-88.46860769145698,-10.640327794402557 m^-2 kg^-1 s^2 mol K,-3.5471306445319724 m^-2 kg^-1 s^2 mol K,-47155.89470174271,-45322.04103984898,-18945.125656641078,-20778.97931853482,7.322259238533348e-05,-0.04572938999741163,-84.76717601297311,-84.7214466229757,-46017.18233898012,-48491.91803432012,13096.550878355583,7.635598176102081e-05,1.1144184837398217,0.8973289788268314,-0.8972526228450703,-1.1717384040821344e-07,2.394833331641439e-05,3.378512492673542e-05,7.983576129751106e-06,1.4107505720900757,0.0600956,2.9997,3.2522000000000004e-10,233.4,8.31446261815324,1
0.003134,298.15,68800000.0,Liquid,34968,13737.000310816426,-137.49078721676912,-89.01318313751412,-10.705825165798291 m^-2 kg^-1 s^2 mol K,-3.5689652851279434 m^-2 kg^-1 s^2 mol K,-47305.527515121306,-44776.11310675938,-18236.83255430955,-20766.246962671474,7.279609648203956e-05,-0.04572938999741163,-84.76717601297311,-84.7214466229757,-46017.18233898012,-48491.91803432012,13096.550878355583,7.635598176102081e-05,1.1144184837398217,0.8973289788268314,-0.8972526228450703,-1.1717384040821344e-07,2.394833331641439e-05,3.378512492673542e-05,7.983576129751106e-06,1.4107505720900757,0.0600956,2.9997,3.2522000000000004e-10,233.4,8.31446261815324,1
0.003319,298.15,78600000.0,Liquid,34968,13813.206861120256,-138.05950767545468,-89.53590625572177,-10.768694306260405 m^-2 kg^-1 s^2 mol K,-3.589923761129582 m^-2 kg^-1 s^2 mol K,-47445.50864751313,-44234.259138528505,-17539.128688385066,-20750.37819736969,7.239448522375199e-05,-0.04572938999741163,-84.76717601297311,-84.7214466229757,-46017.18233898012,-48491.91803432012,13096.550878355583,7.635598176102081e-05,1.1144184837398217,0.8973289788268314,-0.8972526228450703,-1.1717384040821344e-07,2.394833331641439e-05,3.378512492673542e-05,7.983576129751106e-06,1.4107505720900757,0.0600956,2.9997,3.2522000000000004e-10,233.4,8.31446261815324,1
0.003487,298.15,88400000.0,Liquid,34968,13886.690032029182,-138.61151358264493,-90.04379831561555,-10.82977968041133 m^-2 kg^-1 s^2 mol K,-3.6102875888959995 m^-2 kg^-1 s^2 mol K,-47578.11606112149,-43691.265270710006,-16844.706802909233,-20731.557593320707,7.201140067888991e-05,-0.04572938999741163,-84.76717601297311,-84.7214466229757,-46017.18233898012,-48491.91803432012,13096.550878355583,7.635598176102081e-05,1.1144184837398217,0.8973289788268314,-0.8972526228450703,-1.1717384040821344e-07,2.394833331641439e-05,3.378512492673542e-05,7.983576129751106e-06,1.4107505720900757,0.0600956,2.9997,3.2522000000000004e-10,233.4,8.31446261815324,1
0.003702,298.15,98200000.0,Liquid,34968,13957.674584688408,-139.1482122921924,-90.53810426840477,-10.889231021464926 m^-2 kg^-1 s^2 mol K,-3.6301066844900913 m^-2 kg^-1 s^2 mol K,-47703.97681370817,-43147.37792716063,-16153.442139535742,-20710.041026083283,7.164517226221921e-05,-0.04572938999741163,-84.76717601297311,-84.7214466229757,-46017.18233898012,-48491.91803432012,13096.550878355583,7.635598176102081e-05,1.1144184837398217,0.8973289788268314,-0.8972526228450703,-1.1717384040821344e-07,2.394833331641439e-05,3.378512492673542e-05,7.983576129751106e-06,1.4107505720900757,0.0600956,2.9997,3.2522000000000004e-10,233.4,8.31446261815324,1
0.003882,298.15,108000000.0,Liquid,34968,14026.357074881718,-139.67083531384068,-91.01991407551455,-10.947179421648702 m^-2 kg^-1 s^2 mol K,-3.649424749691203 m^-2 kg^-1 s^2 mol K,-47823.63905336148,-42602.80636397797,-15465.218982363309,-20686.05167174682,7.129434924986984e-05,-0.04572938999741163,-84.76717601297311,-84.7214466229757,-46017.18233898012,-48491.91803432012,13096.550878355583,7.635598176102081e-05,1.1144184837398217,0.8973289788268314,-0.8972526228450703,-1.1717384040821344e-07,2.394833331641439e-05,3.378512492673542e-05,7.983576129751106e-06,1.4107505720900757,0.0600956,2.9997,3.2522000000000004e-10,233.4,8.31446261815324,1
0.004091,298.15,117800000.0,Liquid,34968,14092.910505679387,-140.18046720711575,-91.49018811253175,-11.003740387596212 m^-2 kg^-1 s^2 mol K,-3.668280290561127 m^-2 kg^-1 s^2 mol K,-47937.58503892433,-42057.7293199091,-14779.929734157762,-20659.785453172986,7.095766340082866e-05,-0.04572938999741163,-84.76717601297311,-84.7214466229757,-46017.18233898012,-48491.91803432012,13096.550878355583,7.635598176102081e-05,1.1144184837398217,0.8973289788268314,-0.8972526228450703,-1.1717384040821344e-07,2.394833331641439e-05,3.378512492673542e-05,7.983576129751106e-06,1.4107505720900757,0.0600956,2.9997,3.2522000000000004e-10,233.4,8.31446261815324,1
0.001115,323.15,100000.0,Liquid,34968,12752.60835793096,-118.16884481289019,-77.4738513297682,-9.317962553661253 m^-2 kg^-1 s^2 mol K,-3.106298147701855 m^-2 kg^-1 s^2 mol K,-43700.9838747435,-46379.9609367429,-21344.285879528306,-18665.30881752891,7.84153305686747e-05,-0.10297194052396538,-77.4669305759614,-77.36395863543743,-43652.328291919956,-46325.29032367752,12751.497883981667,7.84221594277322e-05,4.556071020741538,0.21948735993084714,-0.2194089377714194,4.332741809776053e-07,2.5859605835702695e-05,3.5173064013012776e-05,8.620730684969396e-06,1.3601546843553038,0.0600956,2.9997,3.2522000000000004e-10,233.4,8.31446261815324,1
0.00121,323.15,9900000.0,Liquid,34968,12872.14632150624,-118.9945584905855,-78.22199149296765,-9.407943132991301 m^-2 kg^-1 s^2 mol K,-3.1362946737978135 m^-2 kg^-1 s^2 mol K,-43964.22529216543,-45881.94138071427,-20604.504829761776,-18686.78874121293,7.768712186943076e-05,-0.10297194052396538,-77.4669305759614,-77.36395863543743,-43652.328291919956,-46325.29032367752,12751.497883981667,7.84221594277322e-05,4.556071020741538,0.21948735993084714,-0.2194089377714194,4.332741809776053e-07,2.5859605835702695e-05,3.5173064013012776e-05,8.620730684969396e-06,1.3601546843553038,0.0600956,2.9997,3.2522000000000004e-10,233.4,8.31446261815324,1
0.00131,323.15,19700000.0,Liquid,34968,12983.902970424746,-119.77163541352705,-78.92719337763555,-9.492759424440877 m^-2 kg^-1 s^2 mol K,-3.1645695984401363 m^-2 kg^-1 s^2 mol K,-44205.4857243283,-45375.04097839421,-19869.71843841129,-18700.16318434537,7.70184437050893e-05,-0.10297194052396538,-77.4669305759614,-77.36395863543743,-43652.328291919956,-46325.29032367752,12751.497883981667,7.84221594277322e-05,4.556071020741538,0.21948735993084714,-0.2194089377714194,4.332741809776053e-07,2.5859605835702695e-05,3.5173064013012776e-05,8.620730684969396e-06,1.3601546843553038,0.0600956,2.9997,3.2522000000000004e-10,233.4,8.31446261815324,1
0.001409,323.15,29500000.0,Liquid,34968,13089.003980583742,-120.50711008433332,-79.59563577198847,-9.573154565420102 m^-2 kg^-1 s^2 mol K,-3.191370658872588 m^-2 kg^-1 s^2 mol K,-44427.978649808705,-44860.99702876289,-19139.667329044827,-18706.648950090643,7.640000732549262e-05,-0.10297194052396538,-77.4669305759614,-77.36395863543743,-43652.328291919956,-46325.29032367752,12751.497883981667,7.84221594277322e-05,4.556071020741538,0.21948735993084714,-0.2194089377714194,4.332741809776053e-07,2.5859605835702695e-05,3.5173064013012776e-05,8.620730684969396e-06,1.3601546843553038,0.0600956,2.9997,3.2522000000000004e-10,233.4,8.31446261815324,1
0.001512,323.15,39300000.0,Liquid,34968,13188.335018732458,-121.20652424505442,-80.23219058935673,-9.649714512418775 m^-2 kg^-1 s^2 mol K,-3.216893193458938 m^-2 kg^-1 s^2 mol K,-44634.2323219551,-44341.14481482497,-18414.112425874333,-18707.199933004475,7.582458275283569e-05,-0.10297194052396538,-77.4669305759614,-77.36395863543743,-43652.328291919956,-46325.29032367752,12751.497883981667,7.84221594277322e-05,4.556071020741538,0.21948735993084714,-0.2194089377714194,4.332741809776053e-07,2.5859605835702695e-05,3.5173064013012776e-05,8.620730684969396e-06,1.3601546843553038,0.0600956,2.9997,3.2522000000000004e-10,233.4,8.31446261815324,1
0.001615,323.15,49100000.0,Liquid,34968,13282.60708290577,-121.87433197302603,-80.840776785711,-9.722910607500799 m^-2 kg^-1 s^2 mol K,-3.2412943319334597 m^-2 kg^-1 s^2 mol K,-44826.2762058112,-43816.53134058178,-17692.83432227927,-18702.579187508694,7.528642485306695e-05,-0.10297194052396538,-77.4669305759614,-77.36395863543743,-43652.328291919956,-46325.29032367752,12751.497883981667,7.84221594277322e-05,4.556071020741538,0.21948735993084714,-0.2194089377714194,4.332741809776053e-07,2.5859605835702695e-05,3.5173064013012776e-05,8.620730684969396e-06,1.3601546843553038,0.0600956,2.9997,3.2522000000000004e-10,233.4,8.31446261815324,1
0.00172,323.15,58900000.0,Liquid,34968,13372.400715048798,-122.51417407670402,-81.424600250966,-9.793128430596221 m^-2 kg^-1 s^2 mol K,-3.264702613793453 m^-2 kg^-1 s^2 mol K,-45005.76716586651,-43287.991458441444,-16975.631887341784,-18693.407594766857,7.478088798779695e-05,-0.10297194052396538,-77.4669305759614,-77.36395863543743,-43652.328291919956,-46325.29032367752,12751.497883981667,7.84221594277322e-05,4.556071020741538,0.21948735993084714,-0.2194089377714194,4.332741809776053e-07,2.5859605835702695e-05,3.5173064013012776e-05,8.620730684969396e-06,1.3601546843553038,0.0600956,2.9997,3.2522000000000004e-10,233.4,8.31446261815324,1
0.001826,323.15,68800000.0,Liquid,34968,13459.053177231333,-123.13522478581075,-81.99194748464703,-9.861364618518015 m^-2 kg^-1 s^2 mol K,-3.287450284534459 m^-2 kg^-1 s^2 mol K,-45175.741526585756,-42750.75923237966,-16255.061402715985,-18680.04369692208,7.42994315299756e-05,-0.10297194052396538,-77.4669305759614,-77.36395863543743,-43652.328291919956,-46325.29032367752,12751.497883981667,7.84221594277322e-05,4.556071020741538,0.21948735993084714,-0.2194089377714194,4.332741809776053e-07,2.5859605835702695e-05,3.5173064013012776e-05,8.620730684969396e-06,1.3601546843553038,0.0600956,2.9997,3.2522000000000004e-10,233.4,8.31446261815324,1
0.001932,323.15,78600000.0,Liquid,34968,13541.220475717255,-123.72749231717685,-82.53360967404703,-9.926511605674753 m^-2 kg^-1 s^2 mol K,-3.3091681187034547 m^-2 kg^-1 s^2 mol K,-45333.92530577107,-42216.24495326571,-15545.50898709742,-18663.189339602777,7.384858711910396e-05,-0.10297194052396538,-77.4669305759614,-77.36395863543743,-43652.328291919956,-46325.29032367752,12751.497883981667,7.84221594277322e-05,4.556071020741538,0.21948735993084714,-0.2194089377714194,4.332741809776053e-07,2.5859605835702695e-05,3.5173064013012776e-05,8.620730684969396e-06,1.3601546843553038,0.0600956,2.9997,3.2522000000000004e-10,233.4,8.31446261815324,1
0.002039,323.15,88400000.0,Liquid,34968,13620.13915071839,-124.29952096677492,-83.05732202220034,-9.989499723152106 m^-2 kg^-1 s^2 mol K,-3.3301662576764697 m^-2 kg^-1 s^2 mol K,-45483.06462918609,-41679.4943213259,-14839.520709851866,-18643.09101771205,7.342068894701823e-05,-0.10297194052396538,-77.4669305759614,-77.36395863543743,-43652.328291919956,-46325.29032367752,12751.497883981667,7.84221594277322e-05,4.556071020741538,0.21948735993084714,-0.2194089377714194,4.332741809776053e-07,2.5859605835702695e-05,3.5173064013012776e-05,8.620730684969396e-06,1.3601546843553038,0.0600956,2.9997,3.2522000000000004e-10,233.4,8.31446261815324,1
0.002148,323.15,98200000.0,Liquid,34968,13696.101781427156,-124.85315229854368,-83.56471052846146,-10.050524533721743 m^-2 kg^-1 s^2 mol K,-3.350509895563471 m^-2 kg^-1 s^2 mol K,-45623.9936931947,-41140.88893581455,-14136.95272854223,-18620.057485922378,7.301347609405677e-05,-0.10297194052396538,-77.4669305759614,-77.36395863543743,-43652.328291919956,-46325.29032367752,12751.497883981667,7.84221594277322e-05,4.556071020741538,0.21948735993084714,-0.2194089377714194,4.332741809776053e-07,2.5859605835702695e-05,3.5173064013012776e-05,8.620730684969396e-06,1.3601546843553038,0.0600956,2.9997,3.2522000000000004e-10,233.4,8.31446261815324,1
0.002255,323.15,108000000.0,Liquid,34968,13769.361094215696,-125.38997822262162,-84.0571816011459,-10.109755189423918 m^-2 kg^-1 s^2 mol K,-3.3702554220168413 m^-2 kg^-1 s^2 mol K,-45757.43282385913,-40600.75023821285,-13437.672003802556,-18594.35458944884,7.262501093243064e-05,-0.10297194052396538,-77.4669305759614,-77.36395863543743,-43652.328291919956,-46325.29032367752,12751.497883981667,7.84221594277322e-05,4.556071020741538,0.21948735993084714,-0.2194089377714194,4.332741809776053e-07,2.5859605835702695e-05,3.5173064013012776e-05,8.620730684969396e-06,1.3601546843553038,0.0600956,2.9997,3.2522000000000004e-10,233.4,8.31446261815324,1
0.002362,323.15,117800000.0,Liquid,34968,13840.13706770455,-125.91138533275647,-84.53596095532573,-10.167339109896963 m^-2 kg^-1 s^2 mol K,-3.3894519818305042 m^-2 kg^-1 s^2 mol K,-45884.00877851264,-40059.35097534149,-12741.555192627982,-18566.21299579913,7.225361967935008e-05,-0.10297194052396538,-77.4669305759614,-77.36395863543743,-43652.328291919956,-46325.29032367752,12751.497883981667,7.84221594277322e-05,4.556071020741538,0.21948735993084714,-0.2194089377714194,4.332741809776053e-07,2.5859605835702695e-05,3.5173064013012776e-05,8.620730684969396e-06,1.3601546843553038,0.0600956,2.9997,3.2522000000000004e-10,233.4,8.31446261815324,1
0.002133,294.589996,101325.0,Liquid,206031,13145.627638923212,-134.97411601411847,-85.83303575015991,-10.32334135013823 m^-2 kg^-1 s^2 mol K,-3.4414579291723277 m^-2 kg^-1 s^2 mol K,-46359.91807968521,-48801.567703051245,-23516.01404474378,-21074.364421377744,7.607092087707363e-05,-0.040163223478313616,-85.82600512304711,-85.7858418995688,-46342.47534853022,-48788.33048356023,13144.541983060026,7.607720385303238e-05,0.8892288205463031,1.1245699384615582,-1.1244938612577051,3.0258433980634436e-07,2.3671541154499735e-05,3.3582816742479907e-05,7.891302848451425e-06,1.4187000551967075,0.0600956,2.9997,3.2522000000000004e-10,233.4,8.31446261815324,1
0.001954,298.170013,101325.0,Liquid,206031,13097.377885360156,-132.8436883507358,-84.76830509000365,-10.19528368615504 m^-2 kg^-1 s^2 mol K,-3.39876777216223 m^-2 kg^-1 s^2 mol K,-46035.32159814283,-48506.708743756084,-23231.342113081733,-20759.95496746848,7.63511604195042e-05,-0.04576225665989838,-84.76123746236743,-84.71547520570753,-46015.34570214511,-48490.243416700905,13096.280454035672,7.635755843116859e-05,1.1158119246949745,0.8962083823161923,-0.8961320247577611,2.4802875486784615e-07,2.3949886054762473e-05,3.378625880290383e-05,7.984093760963588e-06,1.410706452867878,0.0600956,2.9997,3.2522000000000004e-10,233.4,8.31446261815324,1
0.001734,303.109985,101325.0,Liquid,206031,13030.403711170893,-129.91553194459647,-83.3071672089093,-10.019549192153685 m^-2 kg^-1 s^2 mol K,-3.3401837490928044 m^-2 kg^-1 s^2 mol K,-45583.27353444014,-48095.694129343356,-22844.459926258354,-20332.039331355143,7.674359307399705e-05,-0.0544416621083547,-83.30005794488058,-83.24561628277222,-45559.25727920393,-48074.01979604886,13029.291779665884,7.675014244140624e-05,1.5092278179407703,0.662590490390262,-0.6625137402478206,7.794369594193995e-09,2.4332036775550358e-05,3.4064988278491125e-05,8.111490074190872e-06,1.4000056219182095,0.0600956,2.9997,3.2522000000000004e-10,233.4,8.31446261815324,1
0.001545,308.130005,101325.0,Liquid,206031,12961.808917144755,-126.95338298869608,-81.83182561554322,-9.842106384227058 m^-2 kg^-1 s^2 mol K,-3.2810302310987964 m^-2 kg^-1 s^2 mol K,-45119.012479922625,-47673.130692089755,-22458.289856013296,-19904.17164384617,7.71497255045387e-05,-0.06448587329251504,-81.82469078707611,-81.7602049137836,-45090.16277930999,-47645.14236371803,12960.685212693665,7.715641446338056e-05,2.0255563914777586,0.49369151320958443,-0.49361435679512106,2.985207174788229e-07,2.471808938158491e-05,3.4345917136449045e-05,8.240187145909562e-06,1.3895053378210092,0.0600956,2.9997,3.2522000000000004e-10,233.4,8.31446261815324,1
0.001384,313.049988,101325.0,Liquid,206031,12893.987352542264,-124.06315455309365,-80.39507412364844,-9.669304898685722 m^-2 kg^-1 s^2 mol K,-3.22342397529277 m^-2 kg^-1 s^2 mol K,-44659.268812218244,-47254.25292116057,-22086.575931493324,-19491.591822550996,7.755552822089851e-05,-0.07562858948571913,-80.38793796461798,-80.31230937513226,-44624.87719031643,-47218.93227863438,12892.856192163472,7.75623325890984e-05,2.6710835729804585,0.3743798996465604,-0.3743023373139713,4.865551090915687e-07,2.5094224867599985e-05,3.4619035815003044e-05,8.365578180351365e-06,1.379561871213678,0.0600956,2.9997,3.2522000000000004e-10,233.4,8.31446261815324,1
0.001241,318.070007,101325.0,Liquid,206031,12824.10919982941,-121.12707075370278,-78.93843628804521,-9.494111635753383 m^-2 kg^-1 s^2 mol K,-3.1650203806225234 m^-2 kg^-1 s^2 mol K,-44185.40092555784,-46822.08097512202,-21714.131992414426,-19077.45194285025,7.797812576434567e-05,-0.08843020027557179,-78.93133229899519,-78.84290209871962,-44144.430407281514,-46777.94772191628,12822.97611966616,7.798501616690483e-05,3.5021956150664804,0.2855351641975651,-0.2854571791813982,1.1580414138734341e-07,2.547576802913325e-05,3.489550450218709e-05,8.492771953573109e-06,1.3697527965508922,0.0600956,2.9997,3.2522000000000004e-10,233.4,8.31446261815324,1
0.00116,323.109985,101325.0,Liquid,206031,12753.191413608014,-118.19221035062446,-77.48545387274955,-9.319358018830105 m^-2 kg^-1 s^2 mol K,-3.1067633492782964 m^-2 kg^-1 s^2 mol K,-43704.85547577667,-46383.396297493935,-21347.07245895164,-18668.531637234373,7.841174554417585e-05,-0.10285084799852334,-77.47842788997508,-77.37557704197656,-43656.22797171805,-46328.88141752187,12752.064107575856,7.841867728738216e-05,4.546830595443068,0.21993341933658614,-0.21985500065929875,-1.1943120625801384e-07,2.5856591131584672e-05,3.517088624149863e-05,8.619725683096534e-06,1.3602290442121059,0.0600956,2.9997,3.2522000000000004e-10,233.4,8.31446261815324,1
0.001009,328.089996,101325.0,Liquid,206031,12682.294755627547,-115.30476374304116,-76.05904290233188,-9.147800212159192 m^-2 kg^-1 s^2 mol K,-3.049571694555853 m^-2 kg^-1 s^2 mol K,-43225.37237695226,-45945.27489937724,-20991.063817787348,-18271.161295362366,7.88500834642932e-05,-0.11875845915416076,-76.05215298301785,-75.93339452386368,-43168.02459995142,-45878.79847708206,12681.183070010602,7.885699579283528e-05,5.824979888543942,0.17167441246736526,-0.17159555547157243,-1.8801983969751745e-07,2.623072687618472e-05,3.544088975268272e-05,8.744450070401947e-06,1.3511211458215457,0.0600956,2.9997,3.2522000000000004e-10,233.4,8.31446261815324,1
0.002204,293.15,100000.0,Liquid,237488,13164.959850724203,-135.83295843701092,-86.26260735950066,-10.375006939253135 m^-2 kg^-1 s^2 mol K,-3.458681514569169 m^-2 kg^-1 s^2 mol K,-46489.735579630564,-48919.524374761946,-23631.64102732433,-21201.85223219294,7.5959213802311e-05,-0.038065372902140224,-86.25568626233392,-86.21762088943179,-46473.256253259206,-48907.39765517759,13163.893561718203,7.596536657726333e-05,0.8100226435498572,1.2345333898538722,-1.234457424487295,1.1365998489054618e-06,2.3559251573380518e-05,3.3500637503866165e-05,7.853869244717979e-06,1.4219737583564993,0.0600956,2.9997,3.2522000000000004e-10,233.4,8.31446261815324,1
0.001383,313.15,100000.0,Liquid,237488,12892.586234574153,-124.00442305706778,-80.36586204016673,-9.665791492609673 m^-2 kg^-1 s^2 mol K,-3.2222527228088387 m^-2 kg^-1 s^2 mol K,-44649.84046053597,-47245.758033744176,-22079.18833586596,-19483.270762657758,7.7563956665133e-05,-0.0758691461785177,-80.35882633654765,-80.28295719036913,-44615.361806983026,-47210.2073200412,12891.470855128555,7.757066755514361e-05,2.6858342529410777,0.372323794331302,-0.3722462236637469,-4.941857696394436e-07,2.510184818869941e-05,3.4624565351266784e-05,8.368119541520622e-06,1.3793631883589512,0.0600956,2.9997,3.2522000000000004e-10,233.4,8.31446261815324,1
0.000913,333.15,100000.0,Liquid,237488,12609.328763442722,-112.383347454217,-74.61905853126754,-8.974609900626564 m^-2 kg^-1 s^2 mol K,-2.9918358171239006 m^-2 kg^-1 s^2 mol K,-42733.473025012056,-45495.505609982385,-20636.166260290607,-17874.133675320278,7.930636267484949e-05,-0.13673201419216083,-74.61249345827427,-74.47576144408211,-42666.00051357604,-45414.863779472915,12608.263679927473,7.931306208260965e-05,7.418727707595603,0.13479400234303765,-0.13471468928095504,-7.658309186808765e-08,2.660872782926594e-05,3.571313957583181e-05,8.870462989387585e-06,1.3421588512229536,0.0600956,2.9997,3.2522000000000004e-10,233.4,8.31446261815324,1
0.00063,353.15,100000.0,Liquid,237488,12310.46190324242,-100.9568490136239,-69.02108897064734,-8.30132891811328 m^-2 kg^-1 s^2 mol K,-2.767386378008894 m^-2 kg^-1 s^2 mol K,-40744.50347995948,-43672.63278151477,-19297.83521153066,-16369.705909975377,8.123172045531555e-05,-0.2281979379441045,-69.016622274327,-68.7884243363829,-40621.1890430268,-43512.376515902535,12309.722421763185,8.123660028531861e-05,17.680689549657288,0.05655888008165289,-0.05647764348136757,4.5428896555677056e-07,2.8082688514540818e-05,3.676950028164027e-05,9.361832354749082e-06,1.3093297766914855,0.0600956,2.9997,3.2522000000000004e-10,233.4,8.31446261815324,1
0.002545,293.15,20000000.0,Liquid,237488,13369.245521351319,-137.29945895362326,-87.60107998843739,-10.535988194495584 m^-2 kg^-1 s^2 mol K,-3.5123472995618177 m^-2 kg^-1 s^2 mol K,-46908.25232207631,-47849.666307250925,-22169.40970864051,-21227.995723465898,7.479853656685059e-05,-0.038065372902140224,-86.25568626233392,-86.21762088943179,-46473.256253259206,-48907.39765517759,13163.893561718203,7.596536657726333e-05,0.8100226435498572,1.2345333898538722,-1.234457424487295,1.1365998489054618e-06,2.3559251573380518e-05,3.3500637503866165e-05,7.853869244717979e-06,1.4219737583564993,0.0600956,2.9997,3.2522000000000004e-10,233.4,8.31446261815324,1
0.001603,313.15,20000000.0,Liquid,237488,13116.02726932031,-125.5689201338148,-81.78749584295375,-9.836774738079212 m^-2 kg^-1 s^2 mol K,-3.2792528379768684 m^-2 kg^-1 s^2 mol K,-45126.83866585736,-46205.660666271906,-20593.906343050945,-19515.08434263639,7.62425984230072e-05,-0.0758691461785177,-80.35882633654765,-80.28295719036913,-44615.361806983026,-47210.2073200412,12891.470855128555,7.757066755514361e-05,2.6858342529410777,0.372323794331302,-0.3722462236637469,-4.941857696394436e-07,2.510184818869941e-05,3.4624565351266784e-05,8.368119541520622e-06,1.3793631883589512,0.0600956,2.9997,3.2522000000000004e-10,233.4,8.31446261815324,1
0.001086,333.15,20000000.0,Liquid,237488,12856.353664495002,-114.07963934647185,-76.15403970777294,-9.159225701671124 m^-2 kg^-1 s^2 mol K,-3.0533805719475695 m^-2 kg^-1 s^2 mol K,-43283.74562442436,-44498.05780167809,-19127.33947303355,-17913.027295779808,7.778255219920321e-05,-0.13673201419216083,-74.61249345827427,-74.47576144408211,-42666.00051357604,-45414.863779472915,12608.263679927473,7.931306208260965e-05,7.418727707595603,0.13479400234303765,-0.13471468928095504,-7.658309186808765e-08,2.660872782926594e-05,3.571313957583181e-05,8.870462989387585e-06,1.3421588512229536,0.0600956,2.9997,3.2522000000000004e-10,233.4,8.31446261815324,1
0.000734,353.15,20000000.0,Liquid,237488,12586.857824742736,-102.82411922251605,-70.70374669949155,-8.503706125892217 m^-2 kg^-1 s^2 mol K,-2.834852193850124 m^-2 kg^-1 s^2 mol K,-41386.63384267456,-42733.92739749862,-17764.89925057318,-16417.605695749127,7.944794593883792e-05,-0.2281979379441045,-69.016622274327,-68.7884243363829,-40621.1890430268,-43512.376515902535,12309.722421763185,8.123660028531861e-05,17.680689549657288,0.05655888008165289,-0.05647764348136757,4.5428896555677056e-07,2.8082688514540818e-05,3.676950028164027e-05,9.361832354749082e-06,1.3093297766914855,0.0600956,2.9997,3.2522000000000004e-10,233.4,8.31446261815324,1
0.002855,293.15,40000000.0,Liquid,237488,13554.068168641254,-138.64688909254394,-88.83435440719829,-10.684317013253906 m^-2 kg^-1 s^2 mol K,-3.5617951839363626 m^-2 kg^-1 s^2 mol K,-47272.86560718307,-46759.10683656481,-20717.315842094627,-21231.07461271289,7.37785871782469e-05,-0.038065372902140224,-86.25568626233392,-86.21762088943179,-46473.256253259206,-48907.39765517759,13163.893561718203,7.596536657726333e-05,0.8100226435498572,1.2345333898538722,-1.234457424487295,1.1365998489054618e-06,2.3559251573380518e-05,3.3500637503866165e-05,7.853869244717979e-06,1.4219737583564993,0.0600956,2.9997,3.2522000000000004e-10,233.4,8.31446261815324,1
0.001871,313.15,40000000.0,Liquid,237488,13315.603719781919,-126.985654740409,-83.07866858213285,-9.992067124187251 m^-2 kg^-1 s^2 mol K,-3.3310221436101117 m^-2 kg^-1 s^2 mol K,-45536.47136272345,-45136.1508570123,-19120.065790517394,-19520.386296228553,7.509986186464686e-05,-0.0758691461785177,-80.35882633654765,-80.28295719036913,-44615.361806983026,-47210.2073200412,12891.470855128555,7.757066755514361e-05,2.6858342529410777,0.372323794331302,-0.3722462236637469,-4.941857696394436e-07,2.510184818869941e-05,3.4624565351266784e-05,8.368119541520622e-06,1.3793631883589512,0.0600956,2.9997,3.2522000000000004e-10,233.4,8.31446261815324,1
0.001263,333.15,40000000.0,Liquid,237488,13073.614729870545,-115.59013622683003,-77.52520350041314,-9.324138800161277 m^-2 kg^-1 s^2 mol K,-3.108357102430669 m^-2 kg^-1 s^2 mol K,-43748.52331309023,-43458.88895351449,-17631.367407351852,-17921.001766927588,7.648993952033815e-05,-0.13673201419216083,-74.61249345827427,-74.47576144408211,-42666.00051357604,-45414.863779472915,12608.263679927473,7.931306208260965e-05,7.418727707595603,0.13479400234303765,-0.13471468928095504,-7.658309186808765e-08,2.660872782926594e-05,3.571313957583181e-05,8.870462989387585e-06,1.3421588512229536,0.0600956,2.9997,3.2522000000000004e-10,233.4,8.31446261815324,1
0.000845,353.15,40000000.0,Liquid,237488,12825.400448687571,-104.45425109820407,-72.17777973774598,-8.680991550813863 m^-2 kg^-1 s^2 mol K,-2.8939532455958474 m^-2 kg^-1 s^2 mol K,-41918.41459518929,-41735.85606869433,-16246.273154309332,-16428.831680804302,7.797027500239422e-05,-0.2281979379441045,-69.016622274327,-68.7884243363829,-40621.1890430268,-43512.376515902535,12309.722421763185,8.123660028531861e-05,17.680689549657288,0.05655888008165289,-0.05647764348136757,4.5428896555677056e-07,2.8082688514540818e-05,3.676950028164027e-05,9.361832354749082e-06,1.3093297766914855,0.0600956,2.9997,3.2522000000000004e-10,233.4,8.31446261815324,1
0.003191,293.15,60000000.0,Liquid,237488,13722.738005519528,-139.89488415826213,-89.97952094382359,-10.822048889529952 m^-2 kg^-1 s^2 mol K,-3.607710400883406 m^-2 kg^-1 s^2 mol K,-47593.54046483761,-45658.61988951411,-19281.123324832228,-21216.04390015573,7.287175486391873e-05,-0.038065372902140224,-86.25568626233392,-86.21762088943179,-46473.256253259206,-48907.39765517759,13163.893561718203,7.596536657726333e-05,0.8100226435498572,1.2345333898538722,-1.234457424487295,1.1365998489054618e-06,2.3559251573380518e-05,3.3500637503866165e-05,7.853869244717979e-06,1.4219737583564993,0.0600956,2.9997,3.2522000000000004e-10,233.4,8.31446261815324,1
0.002146,313.15,60000000.0,Liquid,237488,13495.983864667707,-128.2829624429167,-84.26410028364137,-10.134641786669986 m^-2 kg^-1 s^2 mol K,-3.3785517840684025 m^-2 kg^-1 s^2 mol K,-45892.73837073215,-44050.64531723517,-17663.342313412883,-19505.43536690986,7.409611703952802e-05,-0.0758691461785177,-80.35882633654765,-80.28295719036913,-44615.361806983026,-47210.2073200412,12891.470855128555,7.757066755514361e-05,2.6858342529410777,0.372323794331302,-0.3722462236637469,-4.941857696394436e-07,2.510184818869941e-05,3.4624565351266784e-05,8.368119541520622e-06,1.3793631883589512,0.0600956,2.9997,3.2522000000000004e-10,233.4,8.31446261815324,1
0.001439,333.15,60000000.0,Liquid,237488,13267.780652666224,-116.95587663307292,-78.76836767082902,-9.473657082641932 m^-2 kg^-1 s^2 mol K,-3.158201514365414 m^-2 kg^-1 s^2 mol K,-44147.79908904229,-42395.528971432774,-16153.84728189609,-17906.1173995056,7.537055564745451e-05,-0.13673201419216083,-74.61249345827427,-74.47576144408211,-42666.00051357604,-45414.863779472915,12608.263679927473,7.931306208260965e-05,7.418727707595603,0.13479400234303765,-0.13471468928095504,-7.658309186808765e-08,2.660872782926594e-05,3.571313957583181e-05,8.870462989387585e-06,1.3421588512229536,0.0600956,2.9997,3.2522000000000004e-10,233.4,8.31446261815324,1
0.000962,353.15,60000000.0,Liquid,237488,13035.783859744863,-105.9072702309807,-73.49551785823519,-8.839479017894675 m^-2 kg^-1 s^2 mol K,-2.946787684733365 m^-2 kg^-1 s^2 mol K,-42368.9398392088,-40702.477152328735,-14747.535020692974,-16413.99770757304,7.671191934134846e-05,-0.2281979379441045,-69.016622274327,-68.7884243363829,-40621.1890430268,-43512.376515902535,12309.722421763185,8.123660028531861e-05,17.680689549657288,0.05655888008165289,-0.05647764348136757,4.5428896555677056e-07,2.8082688514540818e-05,3.676950028164027e-05,9.361832354749082e-06,1.3093297766914855,0.0600956,2.9997,3.2522000000000004e-10,233.4,8.31446261815324,1
0.003613,293.15,80000000.0,Liquid,237488,13878.316616155618,-141.06254257134518,-91.05344625431215,-10.951212415762404 m^-2 kg^-1 s^2 mol K,-3.650769215509019 m^-2 kg^-1 s^2 mol K,-47878.790527872676,-44551.787371371465,-17859.469601919856,-21186.472758421063,7.205484841266046e-05,-0.038065372902140224,-86.25568626233392,-86.21762088943179,-46473.256253259206,-48907.39765517759,13163.893561718203,7.596536657726333e-05,0.8100226435498572,1.2345333898538722,-1.234457424487295,1.1365998489054618e-06,2.3559251573380518e-05,3.3500637503866165e-05,7.853869244717979e-06,1.4219737583564993,0.0600956,2.9997,3.2522000000000004e-10,233.4,8.31446261815324,1
0.002401,313.15,80000000.0,Liquid,237488,13661.105843910509,-129.48551042118325,-85.36553894147413,-10.267114407982632 m^-2 kg^-1 s^2 mol K,-3.422713740701614 m^-2 kg^-1 s^2 mol K,-46206.78436349201,-42954.41703424141,-16222.198514718782,-19474.565843969387,7.32005162265655e-05,-0.0758691461785177,-80.35882633654765,-80.28295719036913,-44615.361806983026,-47210.2073200412,12891.470855128555,7.757066755514361e-05,2.6858342529410777,0.372323794331302,-0.3722462236637469,-4.941857696394436e-07,2.510184818869941e-05,3.4624565351266784e-05,8.368119541520622e-06,1.3793631883589512,0.0600956,2.9997,3.2522000000000004e-10,233.4,8.31446261815324,1
0.001614,333.15,80000000.0,Liquid,237488,13443.998866944372,-118.20919228345333,-79.91198033345732,-9.611202070832919 m^-2 kg^-1 s^2 mol K,-3.2040544290538784 m^-2 kg^-1 s^2 mol K,-44496.37899082356,-41315.731773027306,-14693.055524936004,-17873.702742732265,7.438263048792458e-05,-0.13673201419216083,-74.61249345827427,-74.47576144408211,-42666.00051357604,-45414.863779472915,12608.263679927473,7.931306208260965e-05,7.418727707595603,0.13479400234303765,-0.13471468928095504,-7.658309186808765e-08,2.660872782926594e-05,3.571313957583181e-05,8.870462989387585e-06,1.3421588512229536,0.0600956,2.9997,3.2522000000000004e-10,233.4,8.31446261815324,1
0.001092,353.15,80000000.0,Liquid,237488,13224.852350151565,-107.22616366286675,-74.69468608271023,-8.983705804344693 m^-2 kg^-1 s^2 mol K,-2.9948680882570566 m^-2 kg^-1 s^2 mol K,-42758.17126808013,-39645.20686712861,-13266.778477019498,-16379.742877971017,7.561521093190424e-05,-0.2281979379441045,-69.016622274327,-68.7884243363829,-40621.1890430268,-43512.376515902535,12309.722421763185,8.123660028531861e-05,17.680689549657288,0.05655888008165289,-0.05647764348136757,4.5428896555677056e-07,2.8082688514540818e-05,3.676950028164027e-05,9.361832354749082e-06,1.3093297766914855,0.0600956,2.9997,3.2522000000000004e-10,233.4,8.31446261815324,1
0.004149,293.15,100000000.0,Liquid,237488,14023.031834653288,-142.1637840040916,-92.06843808759078,-11.073287873899957 m^-2 kg^-1 s^2 mol K,-3.6914651044771003 m^-2 kg^-1 s^2 mol K,-48134.806907634076,-43441.06611725755,-16451.203491880315,-21144.944282256845,7.131125506888108e-05,-0.038065372902140224,-86.25568626233392,-86.21762088943179,-46473.256253259206,-48907.39765517759,13163.893561718203,7.596536657726333e-05,0.8100226435498572,1.2345333898538722,-1.234457424487295,1.1365998489054618e-06,2.3559251573380518e-05,3.3500637503866165e-05,7.853869244717979e-06,1.4219737583564993,0.0600956,2.9997,3.2522000000000004e-10,233.4,8.31446261815324,1
0.002618,313.15,100000000.0,Liquid,237488,13813.757161324636,-130.61079041036083,-86.39842707906999,-10.39134229678698 m^-2 kg^-1 s^2 mol K,-3.464127178313492 m^-2 kg^-1 s^2 mol K,-46486.49351907606,-41851.007364304074,-14795.339924493304,-19430.826079265295,7.239160123646675e-05,-0.0758691461785177,-80.35882633654765,-80.28295719036913,-44615.361806983026,-47210.2073200412,12891.470855128555,7.757066755514361e-05,2.6858342529410777,0.372323794331302,-0.3722462236637469,-4.941857696394436e-07,2.510184818869941e-05,3.4624565351266784e-05,8.368119541520622e-06,1.3793631883589512,0.0600956,2.9997,3.2522000000000004e-10,233.4,8.31446261815324,1
0.001786,333.15,100000000.0,Liquid,237488,13605.79886088049,-119.37229869313227,-80.97561863920691,-9.739128354779078 m^-2 kg^-1 s^2 mol K,-3.2467007883385266 m^-2 kg^-1 s^2 mol K,-44804.41150916719,-40224.567414972604,-13247.540065320814,-17827.384159515408,7.349807315432309e-05,-0.13673201419216083,-74.61249345827427,-74.47576144408211,-42666.00051357604,-45414.863779472915,12608.263679927473,7.931306208260965e-05,7.418727707595603,0.13479400234303765,-0.13471468928095504,-7.658309186808765e-08,2.660872782926594e-05,3.571313957583181e-05,8.870462989387585e-06,1.3421588512229536,0.0600956,2.9997,3.2522000000000004e-10,233.4,8.31446261815324,1
0.001242,353.15,100000000.0,Liquid,237488,13397.129799098182,-108.43941425229669,-75.80032527066696,-9.116683633307776 m^-2 kg^-1 s^2 mol K,-3.0391984642823537 m^-2 kg^-1 s^2 mol K,-43099.3017716448,-38571.26887221506,-11802.384002879026,-16330.416902308762,7.46428537303053e-05,-0.2281979379441045,-69.016622274327,-68.7884243363829,-40621.1890430268,-43512.376515902535,12309.722421763185,8.123660028531861e-05,17.680689549657288,0.05655888008165289,-0.05647764348136757,4.5428896555677056e-07,2.8082688514540818e-05,3.676950028164027e-05,9.361832354749082e-06,1.3093297766914855,0.0600956,2.9997,3.2522000000000004e-10,233.4,8.31446261815324,1
